pixel_format,fps,input_bytes_per_frame,output_bytes_per_frame,input_payload_MB_s,output_payload_MB_s,aggregate_payload_Mbps,uart_input_seconds_per_frame_including_20B_header,uart_output_seconds_per_frame,uart_stop_and_wait_seconds_per_exchange,uart_stop_and_wait_max_fps_ideal,ethernet_rx_utilization_percent_raw_payload,ethernet_tx_utilization_percent_raw_payload,ddr_framebuffer_traffic_MB_s_write_and_read_input_and_output,input_one_frame_buffer_MB,output_one_frame_buffer_MB,combined_one_pair_buffers_MB,combined_two_pair_buffers_MB,combined_three_pair_buffers_MB,display_active_rgb24_payload_Gbps
Y8,15.0,518400,2073600,7.776,31.104,311.04,5.625217013888889,22.5,28.12521701388889,0.03555528120924993,6.2208,24.8832,77.76,0.5184,2.0736,2.592,5.184,7.776,0.746496
Y8,30.0,518400,2073600,15.552,62.208,622.08,5.625217013888889,22.5,28.12521701388889,0.03555528120924993,12.4416,49.7664,155.52,0.5184,2.0736,2.592,5.184,7.776,1.492992
Y8,60.0,518400,2073600,31.104,124.416,1244.16,5.625217013888889,22.5,28.12521701388889,0.03555528120924993,24.8832,99.5328,311.04,0.5184,2.0736,2.592,5.184,7.776,2.985984
YUV420P,15.0,777600,3110400,11.664,46.656,466.56,8.43771701388889,33.75,42.187717013888886,0.023703581771698706,9.3312,37.3248,116.64,0.7776,3.1104,3.888,7.776,11.664,0.746496
YUV420P,30.0,777600,3110400,23.328,93.312,933.12,8.43771701388889,33.75,42.187717013888886,0.023703581771698706,18.6624,74.6496,233.28,0.7776,3.1104,3.888,7.776,11.664,1.492992
YUV420P,60.0,777600,3110400,46.656,186.624,1866.24,8.43771701388889,33.75,42.187717013888886,0.023703581771698706,37.3248,149.2992,466.56,0.7776,3.1104,3.888,7.776,11.664,2.985984
RGB24,15.0,1555200,6220800,23.328,93.312,933.12,16.87521701388889,67.5,84.37521701388889,0.0118518213687722,18.6624,74.6496,233.28,1.5552,6.2208,7.776,15.552,23.328,0.746496
RGB24,30.0,1555200,6220800,46.656,186.624,1866.24,16.87521701388889,67.5,84.37521701388889,0.0118518213687722,37.3248,149.2992,466.56,1.5552,6.2208,7.776,15.552,23.328,1.492992
RGB24,60.0,1555200,6220800,93.312,373.248,3732.48,16.87521701388889,67.5,84.37521701388889,0.0118518213687722,74.6496,298.5984,933.12,1.5552,6.2208,7.776,15.552,23.328,2.985984
