step,mse_loss,learning_rate,elapsed_seconds
1,0.5921836495399475,0.0009999999938931823,0.2561198000330478
100,0.005477954633533955,0.0009999389330784226,0.5391930000041611
200,0.002448757877573371,0.0009997557473810374,0.8285177000216208
300,0.002047458663582802,0.0009994504881061764,1.1390503000002354
400,0.001586324768140912,0.0009990232305719968,1.4561065000016242
500,0.0008780112839303911,0.0009984740801979007,1.7295626000268385
600,0.0009461851441301405,0.0009978031724785265,2.0083968000253662
700,0.0010791170643642545,0.000997010672950316,2.2743316999985836
800,0.0009025757317431271,0.000996096777150669,2.5155136000248604
900,0.0013089068233966827,0.0009950617105696992,2.760330300021451
1000,0.0008372592856176198,0.0009939057285945968,3.013637399999425
1100,0.0008124574669636786,0.0009926291164466159,3.280495700018946
1200,0.0004910453571937978,0.0009912321891107038,3.528392200008966
1300,0.0002072876668535173,0.0009897152912577763,3.793529700022191
1400,0.0009225659887306392,0.0009880787971596815,4.0443252000259236
1500,0.00034818577114492655,0.0009863231105968519,4.316211900033522
1600,0.0005639223381876945,0.000984448664758669,4.576033200020902
1700,0.00045073797809891403,0.0009824559221366018,4.841296600003261
1800,0.000967554107774049,0.0009803453744100738,5.108384900027886
1900,0.0007497537299059331,0.0009781175423251554,5.369201700028498
2000,0.0008315700106322765,0.0009757729755660803,5.631130900001153
2100,0.0002568412746768445,0.0009733122526196142,5.899967400007881
2200,0.0002526313764974475,0.0009707359806323206,6.159012900025118
2300,0.0006484129698947072,0.0009680447952607636,6.423211799992714
2400,0.0004100426158402115,0.0009652393605146641,6.679240700032096
2500,0.00023097552184481174,0.000962320368593067,6.950565100007225
2600,0.00032130806357599795,0.0009592885397135511,7.224546700017527
2700,0.0005611898377537727,0.0009561446219345261,7.492093300039414
2800,0.000502997834701091,0.0009528893909706607,7.759497600025497
2900,0.00020501685503404588,0.0009495236500014861,8.026040600030683
3000,0.00034226191928610206,0.0009460482294732238,8.282200200017542
3100,0.00028902888880111277,0.0009424639868938849,8.54532770003425
3200,0.0001811833499232307,0.0009387718066216949,8.81660090002697
3300,0.00035447659320198,0.0009349725996468866,9.066625500039663
3400,0.0001474035670980811,0.000931067303366934,9.343133500020485
3500,0.0010509315179660916,0.0009270568813552582,9.608678099990357
3600,0.00032951118191704154,0.0009229423231234799,9.891866500023752
3700,0.00017574506637174636,0.000918724643877276,10.174051200039685
3800,0.00019474883447401226,0.0009144048842658908,10.452489899995271
3900,0.0004391999973449856,0.0009099841101253696,10.732450700015761
4000,0.0004770633240696043,0.0009054634122155817,11.011102900025435
4100,0.0002519517729524523,0.0009008439059510924,11.285051100014243
4200,0.0006941205938346684,0.0008961267311259493,11.54089310002746
4300,0.0002837716310750693,0.0008913130516324556,11.803069100016728
4400,9.55977666308172e-05,0.0008864040551739975,12.081897200027015
4500,0.00014499975077342242,0.0008814009529719979,12.365442200039979
4600,0.00011137073306599632,0.0008763049794670604,12.627726500038989
4700,0.0004958171048201621,0.0008711173920143943,12.88687490002485
4800,7.215256482595578e-05,0.0008658394705735818,13.15687240002444
4900,0.00018108332005795091,0.0008604725173927616,13.430769100028556
5000,0.0001914371532620862,0.000855017856687324,13.685922200034838
5100,0.00026203159359283745,0.0008494768343131789,13.94420710002305
5200,0.00036525254836305976,0.0008438508174346841,14.205297500011511
5300,0.00012954353587701917,0.0008381411941873209,14.469617300026584
5400,0.00044085943954996765,0.0008323493733351915,14.73223439999856
5500,0.0005941231502220035,0.000826476783923425,15.000317500031088
5600,0.00015851335774641484,0.0008205248749255854,15.276968199992552
5700,5.5003143643261865e-05,0.0008144951148861585,15.531636100029573
5800,0.00019462921773083508,0.0008083889915582082,15.786902500025462
5900,3.853541420539841e-05,0.0008022080115362977,16.04601829999592
6000,0.00020340726769063622,0.0007959536998847596,16.32245440001134
6100,0.00021024631860200316,0.0007896275997614084,16.590992200013716
6200,0.0002536187821533531,0.0007832312720367898,16.849300400004722
6300,0.00017133365327026695,0.0007767662949090602,17.122190900030546
6400,0.00042444944847375154,0.0007702342635145879,17.376687200041488
6500,0.00018102998728863895,0.0007636367895343787,17.628878300020006
6600,0.0004232592473272234,0.0007569755007964179,17.895511900016572
6700,0.00020344642689451575,0.0007502520408740261,18.17314460000489
6800,3.9255064621102065e-05,0.0007434680686803338,18.444869400002062
6900,0.000223399096284993,0.0007366252580589686,18.711443900014274
7000,0.00013997434871271253,0.0007297252973710599,18.967269300017506
7100,0.0002840313536580652,0.0007227698890786627,19.230348700017203
7200,0.00041792719275690615,0.0007157607493246955,19.492522099986672
7300,0.00036095562973059714,0.0007086996075095131,19.76990620000288
7400,0.0001665056188357994,0.0007015882058642014,20.032313400006387
7500,0.0002527431643102318,0.0006944282990207045,20.31814139999915
7600,0.00030921626603230834,0.0006872216535789012,20.581838499987498
7700,0.0002552935911808163,0.000679970047670718,20.863696600019466
7800,0.00021309156727511436,0.0006726752705214042,21.123672600020654
7900,0.00032290085800923407,0.0006653391220080694,21.391322000010405
8000,0.00015558963059447706,0.0006579634122155842,21.66331929998705
8100,0.0002390053850831464,0.0006505499609899763,21.920935300004203
8200,0.0002904993889387697,0.0006431005974894037,22.1904914000188
8300,0.00024708398268558085,0.0006356171597328452,22.45661699998891
8400,3.665537587949075e-05,0.000628101494146589,22.730163100000937
8500,0.0003049418446607888,0.0006205554551086593,23.00396980001824
8600,0.00023162411525845528,0.0006129809044912745,23.26881149999099
8700,0.00024570830282755196,0.0006053797112014599,23.53821989998687
8800,0.0002720291377045214,0.0005977537507199201,23.806198200036306
8900,0.0006551400292664766,0.0005901049046382945,24.07869669998763
9000,0.000211979218875058,0.0005824350601949014,24.33874050003942
9100,5.225620770943351e-05,0.0005747461098090905,24.609308700019028
9200,0.0003822934813797474,0.0005670399506143173,24.88153810001677
9300,0.00016547643463127315,0.0005593184839900541,25.15386810002383
9400,0.0003038936119992286,0.0005515836150926516,25.428227700002026
9500,0.0006729124579578638,0.0005438372523852706,25.692802600038704
9600,0.00027123751351609826,0.0005360813071669968,25.972431100031827
9700,9.916512499330565e-05,0.0005283176931012595,26.250796200009063
9800,5.0777485739672557e-05,0.00052054832574366,26.539644000004046
9900,0.00022081141651142389,0.0005127751220693379,26.8194613000378
10000,6.638812919845805e-05,0.0005049999999999868,27.092577500035986
10100,8.40449720271863e-05,0.0004972248779306352,27.358244400005788
10200,0.000349134934367612,0.0004894516742563107,27.604169700003695
10300,0.00030172255355864763,0.00048168230689871075,27.850570100010373
10400,0.000245253904722631,0.00047391869283297414,28.119459100009408
10500,0.0002644850465003401,0.0004661627476147014,28.398571200028528
10600,0.00026383402291685343,0.0004584163849073204,28.678793900005985
10700,0.0004178773961029947,0.00045068151600991777,28.951653600030113
10800,0.00023056856298353523,0.000442960049385655,29.21842360001756
10900,0.000185556331416592,0.00043525389019088225,29.479919000004884
11000,0.0002119044220307842,0.0004275649398050717,29.749817900010385
11100,0.00020220728765707463,0.00041989509536167845,30.015949200023897
11200,0.0002816854103002697,0.0004122462492800531,30.291729299991857
11300,5.6322631280636415e-05,0.0004046202887985133,30.563780700031202
11400,1.7104832295444794e-05,0.000397019095508699,30.827862000034656
11500,0.00015111805987544358,0.0003894445448913149,31.09559740003897
11600,0.00010598035441944376,0.00038189850585338526,31.37404720002087
11700,0.0002108812186634168,0.0003743828402671287,31.6509945000289
11800,0.00015808711759746075,0.00036689940251056975,31.917894000012893
11900,0.0003881362499669194,0.000359450039009998,32.18191919999663
12000,0.0002043636777671054,0.00035203658778438975,32.464537899999414
12100,0.00016301032155752182,0.0003446608779919052,32.73746219999157
12200,0.00018604527576826513,0.00033732472947857,33.001913400017656
12300,0.00013309932546690106,0.0003300299523292573,33.26423969998723
12400,5.882675031898543e-05,0.0003227783464210744,33.53330950002419
12500,0.0007498674676753581,0.00031557170097927084,33.82064660004107
12600,0.00026867390261031687,0.00030841179413577415,34.09849960001884
12700,0.0005606000777333975,0.0003013003924904619,34.37740679999115
12800,0.00031017643050290644,0.0002942392506752801,34.66857720003463
12900,0.00035170497721992433,0.0002872301109213136,34.948202200001106
13000,0.0004762606113217771,0.0002802747026289161,35.2239266000106
13100,0.00047511328011751175,0.00027337474194100814,35.49146779999137
13200,7.879278564359993e-05,0.00026653193131964285,35.769837600004394
13300,0.0005379932699725032,0.0002597479591259506,36.03459659998771
13400,0.0003044879122171551,0.00025302449920355894,36.304484500025865
13500,0.0003105186624452472,0.0002463632104655998,36.57055300002685
13600,0.00019801945018116385,0.0002397657364853918,36.830353300028946
13700,0.0002004528505494818,0.00023323370509092012,37.08523210004205
13800,0.0001046937468345277,0.00022676872796319108,37.34761360002449
13900,9.166097879642621e-05,0.00022037240023857293,37.602667800034396
14000,0.000995319103822112,0.00021404630011522186,37.86500420002267
14100,9.145286458078772e-05,0.00020779198846368374,38.12876440002583
14200,0.0004985248669981956,0.00020161100844177314,38.401008200016804
14300,2.8174874387332238e-05,0.00019550488511382215,38.6721904000151
14400,0.0002688370586838573,0.00018947512507439503,38.94260770000983
14500,0.00018236672622151673,0.00018352321607655568,39.21478050004225
14600,0.0005712675047107041,0.000177650626664789,39.48989040002925
14700,0.00035753269912675023,0.00017185880581265913,39.76694850000786
14800,0.00016090010467451066,0.0001661491825652959,40.04149600001983
14900,0.00043632721644826233,0.00016052316568680153,40.31646699999692
15000,0.0001696945255389437,0.00015498214331265622,40.583868900022935
15100,0.0004530347359832376,0.00014952748260721886,40.84828750003362
15200,0.0001310071093030274,0.00014416052942639867,41.116405400040094
15300,0.00018370470206718892,0.0001388826079855859,41.3904945999966
15400,0.000534979859367013,0.00013369502053292023,41.65931080002338
15500,0.0003718899970408529,0.0001285990470279831,41.931825100036804
15600,7.322194869630039e-05,0.00012359594482598343,42.21703230001731
15700,0.00011840993101941422,0.00011868694836752623,42.488304500002414
15800,0.0002677546290215105,0.00011387326887403268,42.764840900024865
15900,0.00020520351245068014,0.00010915609404888964,43.03980299999239
16000,0.0003988949174527079,0.0001045365877844005,43.3190080000204
16100,6.876215775264427e-05,0.000100015889874613,43.598832199990284
16200,0.0004475461319088936,9.559511573409148e-05,43.85439500003122
16300,0.0002097317046718672,9.127535612270561e-05,44.12814950000029
16400,0.00011744332005036995,8.705767687650202e-05,44.39834080002038
16500,0.00027905430761165917,8.294311864472391e-05,44.669956300000194
16600,0.00019240738765802234,7.893269663304752e-05,44.94550700002583
16700,0.000506340991705656,7.502740035309483e-05,45.21239030000288
16800,6.626249523833394e-05,7.122819337828702e-05,45.47504940000363
16900,0.00019760063150897622,6.753601310609658e-05,45.74068680003984
17000,0.00010823375487234443,6.395177052675815e-05,45.99474330001976
17100,0.0002088000619551167,6.0476349998495865e-05,46.25756870000623
17200,0.00020427006529644132,5.7110609029320946e-05,46.53924250003183
17300,0.00022485904628410935,5.385537806545519e-05,46.813272700004745
17400,0.00024536196724511683,5.0711460286429796e-05,47.07420080003794
17500,0.0002019314852077514,4.767963140691351e-05,47.33334130002186
17600,0.00018939137225970626,4.4760639485315956e-05,47.58337240002584
17700,0.00041476418846286833,4.1955204739216047e-05,47.83629380003549
17800,0.00013659584510605782,3.926401936765879e-05,48.08691000001272
17900,3.0074608730501495e-05,3.668774738036559e-05,48.35011580004357
18000,0.00028251498588360846,3.4227024433899615e-05,48.60920529998839
18100,4.716472903965041e-05,3.188245767482728e-05,48.87679080001544
18200,0.00019976972544100136,2.9654625589913956e-05,49.14353110000957
18300,0.00028438318986445665,2.754407786339081e-05,49.42340420000255
18400,0.00017927539010997862,2.5551335241328594e-05,49.69370440003695
18500,0.00018967980577144772,2.3676889403150935e-05,49.95821190002607
18600,0.00019866514776367694,2.1921202840320812e-05,50.21782010002062
18700,0.0001248924236278981,2.0284708742226553e-05,50.50008630001685
18800,0.0004540263907983899,1.876781088929971e-05,50.764598999987356
18900,7.780175656080246e-05,1.7370883553387428e-05,51.03367370000342
19000,0.00031930359546095133,1.6094271405407255e-05,51.300332300015725
19100,6.780181865906343e-05,1.493828943030434e-05,51.60618699999759
19200,0.0002257760352222249,1.3903222849333764e-05,51.89264610002283
19300,0.00029383195214904845,1.2989327049686245e-05,52.18602900003316
19400,0.00010324271715944633,1.2196827521475546e-05,52.441048500011675
19500,0.00031512833083979785,1.1525919802101759e-05,52.707933700003196
19600,0.00022677787637803704,1.097676942800564e-05,52.95669319998706
19700,0.000163898803293705,1.054951189382493e-05,53.21357560000615
19800,0.0001452707510907203,1.0244252618962877e-05,53.489257500041276
19900,0.0005193123943172395,1.0061066921578018e-05,53.76266220002435
20000,0.00011211288074264303,1e-05,54.02728209999623
