cell	old_INIT	new_INIT
u_top/u_core/u_b/u_b_core/core/core/l5/gk.frontend/win/g_wide_read.g_read_slice[0].mem_slice_reg_0_3_0_5_i_1__0	8'h8A	8'h0A
u_top/u_core/u_b/u_b_core/core/core/l5/gk.frontend/win/g_wide_read.g_read_slice[12].mem_slice_reg_0_3_0_5_i_1__0	8'h8A	8'h0A
u_top/u_core/u_b/u_b_core/core/core/l5/gk.frontend/win/g_wide_read.g_read_slice[24].mem_slice_reg_0_3_0_5_i_1	8'h8A	8'h0A
u_top/u_core/u_b/u_b_core/core/core/l5/gk.frontend/win/g_wide_read.g_read_slice[36].mem_slice_reg_0_3_0_5_i_1	8'h8A	8'h0A
u_top/u_core/u_b/u_b_core/core/core/l5/gk.frontend/win/g_wide_read.g_read_slice[48].mem_slice_reg_0_3_0_5_i_1	8'h8A	8'h0A
u_top/u_core/u_b/u_b_core/core/core/l5/gk.frontend/win/g_wide_read.g_read_slice[60].mem_slice_reg_0_3_0_5_i_1	8'h8A	8'h0A
u_top/u_core/u_b/u_b_core/core/core/l5/gk.frontend/win/g_wide_read.g_read_slice[72].mem_slice_reg_0_3_0_5_i_1	8'h8A	8'h0A
u_top/u_core/u_b/u_b_core/core/core/l5/gk.frontend/win/g_wide_read.g_read_slice[84].mem_slice_reg_0_3_0_5_i_1	8'h8A	8'h0A
u_top/u_core/u_b/u_b_core/core/core/l5/gk.frontend/win/g_wide_read.g_read_slice[96].mem_slice_reg_0_3_0_5_i_1	8'h8A	8'h0A
