strategy,candidate_id,sequence,decoded_frame_index,candidate_psnr_db_full,candidate_psnr_db_shave8,candidate_ssim_full,candidate_ssim_shave8,baseline_psnr_db_full,baseline_psnr_db_shave8,baseline_ssim_full,baseline_ssim_shave8,delta_psnr_db_full,delta_psnr_db_shave8,delta_ssim_full,delta_ssim_shave8
global,global_a1.00,Beauty,0,35.00415814698424,35.019658253393146,0.8186322414081255,0.8190953029095263,34.86993754660054,34.88391966703706,0.8126076075515751,0.8130309319889907,0.1342206003836992,0.1357385863560836,0.006024633856550388,0.006064370920535578
edge_tile,tile_q50_a0.25_0.75,Beauty,0,35.009743103307635,35.024015583608886,0.8169265973896976,0.8173529475289109,34.86993754660054,34.88391966703706,0.8126076075515751,0.8130309319889907,0.1398055567070955,0.1400959165718234,0.004318989838122511,0.0043220155399201765
global,global_a1.00,Beauty,24,38.73548995412079,38.74716563706704,0.9125184220798359,0.9126885444170267,38.604286490260684,38.61263726756781,0.9096247119618052,0.9097298567695663,0.1312034638601034,0.13452836949922897,0.0028937101180307456,0.002958687647460434
edge_tile,tile_q50_a0.25_0.75,Beauty,24,38.74316418195735,38.7520575534511,0.9117995448508752,0.9119141211923157,38.604286490260684,38.61263726756781,0.9096247119618052,0.9097298567695663,0.13887769169666342,0.1394202858832898,0.0021748328890700552,0.002184264422749438
global,global_a1.00,Beauty,36,44.86863264622418,44.89817881608687,0.9792108320869213,0.9793527325382834,44.736724551991074,44.75005601268781,0.9793798037905805,0.9794312146075321,0.13190809423310412,0.1481228033990618,-0.00016897170365925973,-7.848206924876422e-05
edge_tile,tile_q50_a0.25_0.75,Beauty,36,45.01281055444255,45.0295276964997,0.9799471922254158,0.9800132796854534,44.736724551991074,44.75005601268781,0.9793798037905805,0.9794312146075321,0.2760860024514784,0.2794716838118916,0.0005673884348352809,0.0005820650779212455
global,global_a1.00,Beauty,60,44.88628814982288,44.91634075351069,0.9804978164496471,0.9806024665538492,44.788248551960294,44.80262677839171,0.9811532544500307,0.9811705279161513,0.09803959786258787,0.11371397511897641,-0.0006554380003835902,-0.0005680613623021413
edge_tile,tile_q50_a0.25_0.75,Beauty,60,45.02775197734764,45.04506948591859,0.9813115100349247,0.981340361328733,44.788248551960294,44.80262677839171,0.9811532544500307,0.9811705279161513,0.2395034253873476,0.2424427075268767,0.00015825558489401814,0.00016983341258169915
global,global_a1.00,Beauty,84,45.35019612056527,45.3767028443373,0.9816113125699196,0.9817102348016111,45.40470768967292,45.41336173756768,0.9824843588219426,0.982496283535082,-0.054511569107646096,-0.036658893230381295,-0.000873046252023002,-0.0007860487334708788
edge_tile,tile_q50_a0.25_0.75,Beauty,84,45.51591604437961,45.52824512010705,0.9824214770690464,0.9824473877530027,45.40470768967292,45.41336173756768,0.9824843588219426,0.982496283535082,0.11120835470669022,0.11488338253936803,-6.288175289625997e-05,-4.889578207933898e-05
global,global_a1.00,Beauty,96,35.93070780660521,35.944808780151924,0.8415101230202117,0.8418258910763142,35.884423006597984,35.89702752212126,0.8382760047788881,0.8385495226995987,0.046284800007228455,0.04778125803066047,0.0032341182413235803,0.0032763683767155216
edge_tile,tile_q50_a0.25_0.75,Beauty,96,35.94054242913647,35.95325662995459,0.8403744165565507,0.8406494011207427,35.884423006597984,35.89702752212126,0.8382760047788881,0.8385495226995987,0.056119422538486674,0.056229107833324576,0.0020984117776625677,0.002099878421144008
global,global_a1.00,Beauty,120,38.16200233376233,38.19591846509652,0.9018697972352488,0.9021762792646397,38.08937967160173,38.11884311325824,0.899856341291685,0.9001135405154587,0.07262266216059743,0.07707535183828185,0.0020134559435638355,0.002062738749181059
edge_tile,tile_q50_a0.25_0.75,Beauty,120,38.184235335688726,38.215338909589676,0.9015425173675841,0.901798875607315,38.08937967160173,38.11884311325824,0.899856341291685,0.9001135405154587,0.09485566408699242,0.09649579633143901,0.0016861760758990485,0.0016853350918563104
global,global_a1.00,Beauty,144,38.35117497881462,38.36892052098855,0.903461000555193,0.9037554700291429,38.32294075999204,38.33756054073804,0.902011484890333,0.9022535819672415,0.028234218822575485,0.031359980250513786,0.0014495156648599572,0.0015018880619014352
edge_tile,tile_q50_a0.25_0.75,Beauty,144,38.381575085842165,38.39686892113144,0.9033285644625421,0.9035755846218678,38.32294075999204,38.33756054073804,0.902011484890333,0.9022535819672415,0.05863432585012163,0.05930838039340358,0.0013170795722090567,0.001322002654626342
global,global_a1.00,Beauty,168,38.31137969236046,38.3264962390768,0.9025283617925597,0.9027891790960377,38.28096464567863,38.29324073641395,0.9008519200734492,0.9010608373221157,0.03041504668183137,0.03325550266285404,0.0016764417191105219,0.0017283417739220042
edge_tile,tile_q50_a0.25_0.75,Beauty,168,38.339464935579315,38.352216808695175,0.9022878761530236,0.9025024396724985,38.28096464567863,38.29324073641395,0.9008519200734492,0.9010608373221157,0.05850028990068523,0.05897607228122581,0.0014359560795744741,0.0014416023503828201
global,global_a1.00,Beauty,180,45.57769605586802,45.624533039418424,0.9821829378667782,0.9823466739658556,45.76602629003007,45.79632950430436,0.9834333422923347,0.9835153940880993,-0.18833023416205208,-0.17179646488593647,-0.0012504044255564617,-0.0011687201222436716
edge_tile,tile_q50_a0.25_0.75,Beauty,180,45.75958652671089,45.79300807823501,0.9830058201637416,0.983099630872255,45.76602629003007,45.79632950430436,0.9834333422923347,0.9835153940880993,-0.006439763319178837,-0.0033214260693483766,-0.00042752212859309413,-0.0004157632158442448
global,global_a1.00,Beauty,204,46.17457415056204,46.20631289342299,0.9843250026860172,0.984432482526519,46.44105905882909,46.45298974916934,0.9857834991908252,0.9858102287329217,-0.26648490826705284,-0.246676855746351,-0.0014584965048080045,-0.0013777462064026302
edge_tile,tile_q50_a0.25_0.75,Beauty,204,46.38579903302461,46.401935057558546,0.9851885682545722,0.9852297654354479,46.44105905882909,46.45298974916934,0.9857834991908252,0.9858102287329217,-0.055260025804479085,-0.05105469161079412,-0.0005949309362529576,-0.0005804632974737434
global,global_a1.00,Beauty,228,44.2695266102978,44.28299148278165,0.975768216271914,0.9758388440491377,44.23959393901177,44.239194482748175,0.9767880238093488,0.9767831630704756,0.029932671286033496,0.043797000033471534,-0.0010198075374348026,-0.0009443190213379582
edge_tile,tile_q50_a0.25_0.75,Beauty,228,44.40541553356576,44.4092915994127,0.9766036029733307,0.9766126251923568,44.23959393901177,44.239194482748175,0.9767880238093488,0.9767831630704756,0.16582159455398937,0.17009711666452176,-0.00018442083601810655,-0.00017053787811882604
global,global_a1.00,Beauty,240,37.99930776457404,38.01690457127429,0.8979734322886693,0.8983100251825841,37.95071287984187,37.96443785880954,0.8962405320720502,0.8965102828551584,0.048594884732168,0.05246671246474932,0.0017329002166190932,0.0017997423274256352
edge_tile,tile_q50_a0.25_0.75,Beauty,240,38.02846176185972,38.04341321621652,0.8978008269503928,0.898084787786868,37.95071287984187,37.96443785880954,0.8962405320720502,0.8965102828551584,0.07774888201784336,0.07897535740698203,0.0015602948783425274,0.0015745049317095194
global,global_a1.00,Beauty,264,38.13422028801512,38.15161265346126,0.9003439132441501,0.9006409476434221,38.06547292720479,38.07928388895294,0.8982762636982896,0.8985207224680622,0.06874736081033461,0.07232876450831327,0.0020676495458604727,0.0021202251753598134
edge_tile,tile_q50_a0.25_0.75,Beauty,264,38.16001202110346,38.1750332850769,0.9001074799290545,0.9003605734642455,38.06547292720479,38.07928388895294,0.8982762636982896,0.8985207224680622,0.09453909389867476,0.09574939612395639,0.001831216230764876,0.0018398509961832232
global,global_a1.00,Beauty,288,35.82358137705671,35.83630970327735,0.8434427836055102,0.8437789974043302,35.78537583642599,35.79604260989388,0.8405729501191902,0.8408572976333283,0.038205540630720236,0.0402670933834699,0.0028698334863199726,0.0029216997710018733
edge_tile,tile_q50_a0.25_0.75,Beauty,288,35.84054084468655,35.85181338431037,0.8425950235737667,0.842888516422582,35.78537583642599,35.79604260989388,0.8405729501191902,0.8408572976333283,0.055165008260559034,0.05577077441648726,0.0020220734545765007,0.0020312187892537192
global,global_a1.00,Beauty,300,45.586089744208266,45.62662501625429,0.9832573249073833,0.9834030967469065,45.563575625408966,45.58476933042546,0.9840990022459142,0.9841565348384447,0.02251411879930032,0.04185568582882837,-0.0008416773385309106,-0.0007534380915381611
edge_tile,tile_q50_a0.25_0.75,Beauty,300,45.73993461896318,45.765900186176616,0.9840306406016128,0.9841033646331091,45.563575625408966,45.58476933042546,0.9840990022459142,0.9841565348384447,0.17635899355421714,0.18113085575115662,-6.836164430135128e-05,-5.317020533557315e-05
global,global_a1.00,Beauty,324,44.19350143359533,44.2172379201984,0.9746722390771679,0.9747732136279802,44.26959519254362,44.28067097874539,0.9758913993600622,0.9759137688644275,-0.07609375894828929,-0.0634330585469911,-0.0012191602828942605,-0.0011405552364472937
edge_tile,tile_q50_a0.25_0.75,Beauty,324,44.33987927925515,44.35376493011904,0.9755406220996864,0.9755755955749493,44.26959519254362,44.28067097874539,0.9758913993600622,0.9759137688644275,0.0702840867115313,0.07309395137365016,-0.0003507772603758008,-0.00033817328947816083
global,global_a1.00,Beauty,348,45.23392036111845,45.267518750597375,0.9821005404388338,0.982230345249438,45.1114916489461,45.12657082063734,0.9828583796851499,0.9829046214776299,0.12242871217235063,0.1409479299600349,-0.0007578392463161165,-0.000674276228191939
edge_tile,tile_q50_a0.25_0.75,Beauty,348,45.38208728486909,45.40256902007219,0.9829522013155844,0.9830123609595144,45.1114916489461,45.12657082063734,0.9828583796851499,0.9829046214776299,0.2705956359229873,0.27599819943485215,9.382163043447633e-05,0.00010773948188447235
global,global_a1.00,Beauty,360,38.340426092666135,38.356975624324974,0.9062185899028375,0.9065136735687678,38.25414947061219,38.266646031686115,0.9042045714111749,0.9044352693552017,0.08627662205394415,0.09032959263885942,0.002014018491662606,0.0020784042135660874
edge_tile,tile_q50_a0.25_0.75,Beauty,360,38.364817846695125,38.3784286286581,0.9059942159541006,0.9062363398581553,38.25414947061219,38.266646031686115,0.9042045714111749,0.9044352693552017,0.11066837608293412,0.11178259697198456,0.001789644542925628,0.001801070502953639
global,global_a1.00,Beauty,384,35.84815612534786,35.8628055136907,0.8457916185221656,0.8462235078639057,35.72250957796092,35.73430228150591,0.8416308257628472,0.8420075885907942,0.1256465473869426,0.12850323218479076,0.004160792759318355,0.00421591927311149
edge_tile,tile_q50_a0.25_0.75,Beauty,384,35.852274839670486,35.86535807042703,0.844687701463476,0.845080462839702,35.72250957796092,35.73430228150591,0.8416308257628472,0.8420075885907942,0.12976526170956504,0.1310557889211168,0.003056875700628847,0.0030728742489077865
global,global_a1.00,Beauty,408,37.97732745457765,37.992782986231276,0.8982309453502463,0.898498380324615,37.92324043466085,37.93585425812351,0.8965166831377237,0.896729993776832,0.05408701991679976,0.056928728107763504,0.001714262212522577,0.0017683865477829963
edge_tile,tile_q50_a0.25_0.75,Beauty,408,38.00125350690979,38.014412031761815,0.8979678762859677,0.8981873467802401,37.92324043466085,37.93585425812351,0.8965166831377237,0.896729993776832,0.07801307224894316,0.07855777363830185,0.0014511931482440454,0.0014573530034081017
global,global_a1.00,Beauty,420,43.62548037901086,43.64187066830465,0.9711180499825051,0.9711964446835669,43.6337679471654,43.64032827184066,0.9720409012444545,0.9720453927257365,-0.008287568154543123,0.0015423964639893484,-0.0009228512619494644,-0.0008489480421696172
edge_tile,tile_q50_a0.25_0.75,Beauty,420,43.75395342125283,43.762049288362014,0.9719605497218433,0.9719756522199755,43.6337679471654,43.64032827184066,0.9720409012444545,0.9720453927257365,0.12018547408742819,0.12172101652135581,-8.035152261121059e-05,-6.974050576102897e-05
global,global_a1.00,Beauty,444,45.27905004389083,45.30184815626395,0.9824240212156238,0.9825044429648191,45.06516427097016,45.06959458256368,0.9829279919191104,0.9829207164683651,0.21388577292066913,0.23225357370026956,-0.0005039707034866225,-0.00041627350354600523
edge_tile,tile_q50_a0.25_0.75,Beauty,444,45.418276289792544,45.42773481059128,0.9832469670023473,0.9832579630055195,45.06516427097016,45.06959458256368,0.9829279919191104,0.9829207164683651,0.35311201882238663,0.3581402280276009,0.00031897508323686097,0.0003372465371543898
global,global_a1.00,Beauty,468,45.20977540678931,45.23387940231882,0.982260806085086,0.9823595119424238,45.0601337065671,45.065660644982685,0.9828402514260309,0.9828532567403224,0.14964170022221168,0.16821875733613467,-0.0005794453409448952,-0.0004937447978986542
edge_tile,tile_q50_a0.25_0.75,Beauty,468,45.351720839746825,45.362738889553654,0.9830741525312002,0.9831036980521212,45.0601337065671,45.065660644982685,0.9828402514260309,0.9828532567403224,0.29158713317972484,0.29707824457096876,0.00023390110516929852,0.0002504413117987436
global,global_a1.00,Beauty,492,44.93262638784059,44.951591504354305,0.982628390471413,0.9827095106351619,44.54530650859855,44.54997513696999,0.9830610456524251,0.983060518109892,0.3873198792420425,0.40161636738431383,-0.0004326551810120982,-0.00035100747473015836
edge_tile,tile_q50_a0.25_0.75,Beauty,492,45.04199689948743,45.04915137680432,0.9834536274124387,0.9834645739140259,44.54530650859855,44.54997513696999,0.9830610456524251,0.983060518109892,0.49669039088887956,0.4991762398343269,0.00039258176001355505,0.00040405580413382935
global,global_a1.00,Beauty,504,37.81192054214654,37.83089469396012,0.8952285008204917,0.8954789220021816,37.73306805833084,37.7515939337057,0.8932031332511686,0.8934213547623967,0.07885248381569454,0.07930076025441934,0.0020253675693230333,0.0020575672397848965
edge_tile,tile_q50_a0.25_0.75,Beauty,504,37.83154265549601,37.84867266328722,0.8948068999236442,0.8950121271888469,37.73306805833084,37.7515939337057,0.8932031332511686,0.8934213547623967,0.09847459716516482,0.09707872958151853,0.0016037666724755262,0.0015907724264502265
global,global_a1.00,Beauty,528,37.94208844971258,37.9581369284504,0.8968200661138003,0.8970951141039629,37.86413719599465,37.87791598047249,0.8946621232724494,0.8948917987079442,0.07795125371792722,0.08022094797791368,0.002157942841350846,0.0022033153960187013
edge_tile,tile_q50_a0.25_0.75,Beauty,528,37.96555297796801,37.97963192124287,0.8964894978026244,0.8967207972790169,37.86413719599465,37.87791598047249,0.8946621232724494,0.8948917987079442,0.10141578197335832,0.10171594077038293,0.0018273745301750077,0.0018289985710726597
global,global_a1.00,Beauty,552,38.088273023379145,38.104329729414374,0.8997749727809895,0.900039716527759,38.01284501643248,38.026289625736524,0.8974490158808849,0.8976566157908428,0.07542800694666596,0.07804010367784997,0.00232595690010462,0.002383100736916277
edge_tile,tile_q50_a0.25_0.75,Beauty,552,38.106722568788186,38.12034800954167,0.8992528934946247,0.8994628063398834,38.01284501643248,38.026289625736524,0.8974490158808849,0.8976566157908428,0.09387755235570694,0.09405838380514808,0.0018038776137397905,0.0018061905490406316
global,global_a1.00,Beauty,564,45.408455047007806,45.445923641794785,0.9823795386021402,0.982485652649765,45.38025372657785,45.40480114549881,0.983111368741365,0.9831475760330498,0.028201320429957377,0.04112249629597642,-0.0007318301392247317,-0.000661923383284857
edge_tile,tile_q50_a0.25_0.75,Beauty,564,45.55754438013183,45.582670801640845,0.983168305258371,0.9832104884468323,45.38025372657785,45.40480114549881,0.983111368741365,0.9831475760330498,0.17729065355398177,0.1778696561420361,5.6936517006001e-05,6.291241378253432e-05
global,global_a1.00,Beauty,588,42.49021011496704,42.538657601944514,0.9659267060955236,0.9662232562290095,42.45927105371918,42.50328016294932,0.9662225055606298,0.9664702146493068,0.03093906124786372,0.03537743899519086,-0.0002957994651062723,-0.0002469584202973163
edge_tile,tile_q50_a0.25_0.75,Beauty,588,42.5745184830354,42.618433378124145,0.9666035404791181,0.9668500302843425,42.45927105371918,42.50328016294932,0.9662225055606298,0.9664702146493068,0.11524742931622001,0.11515321517482136,0.00038103491848828774,0.00037981563503564075
global,global_a1.00,Jockey,0,40.492776978297336,40.478525873235604,0.9535023720091292,0.9534040454720362,39.901884145530964,39.87956858146338,0.952462422668452,0.9522981386460391,0.5908928327663716,0.5989572917722228,0.0010399493406771931,0.0011059068259970939
edge_tile,tile_q50_a0.25_0.75,Jockey,0,40.44705262968528,40.42748532359119,0.9539596383178855,0.9538182497283373,39.901884145530964,39.87956858146338,0.952462422668452,0.9522981386460391,0.545168484154317,0.5479167421278106,0.0014972156494335032,0.0015201110822982145
global,global_a1.00,Jockey,24,41.848588507004095,41.8336932172315,0.9690007422945035,0.9689256395043064,41.14131817665884,41.116545198919496,0.968852086121505,0.9687188137906687,0.7072703303452528,0.7171480183120025,0.00014865617299852918,0.00020682571363772606
edge_tile,tile_q50_a0.25_0.75,Jockey,24,41.805892414771435,41.78436895806645,0.9698029773632474,0.969690217415147,41.14131817665884,41.116545198919496,0.968852086121505,0.9687188137906687,0.6645742381125928,0.6678237591469554,0.0009508912417424131,0.0009714036244783397
global,global_a1.00,Jockey,36,42.63471028881792,42.62049421563912,0.9767194599660717,0.9766753806550431,41.884799767354096,41.85749309061286,0.9771813045485161,0.9770755327701316,0.7499105214638249,0.7630011250262569,-0.0004618445824444706,-0.00040015211508848125
edge_tile,tile_q50_a0.25_0.75,Jockey,36,42.616857807254476,42.59349165024759,0.9777443623107089,0.9776564906617212,41.884799767354096,41.85749309061286,0.9771813045485161,0.9770755327701316,0.7320580399003802,0.73599855963473,0.0005630577621927868,0.0005809578915896285
global,global_a1.00,Jockey,60,42.72931764289042,42.71694275415237,0.9765161509257293,0.9764682112863946,42.01671761906768,41.991402693452606,0.9770050386609362,0.9768946208873887,0.7126000238227448,0.725540060699764,-0.0004888877352069443,-0.0004264096009940488
edge_tile,tile_q50_a0.25_0.75,Jockey,60,42.72188946026443,42.7007508748223,0.9774985002814641,0.977410285602364,42.01671761906768,41.991402693452606,0.9770050386609362,0.9768946208873887,0.7051718411967514,0.7093481813696911,0.0004934616205278797,0.000515664714975328
global,global_a1.00,Jockey,84,42.89965682857179,42.88854630396068,0.9783654514537593,0.9783345114510862,42.316814540916056,42.29194932699657,0.9791597682428699,0.979067974687326,0.5828422876557369,0.5965969769641077,-0.0007943167891105718,-0.0007334632362397953
edge_tile,tile_q50_a0.25_0.75,Jockey,84,42.92526630909252,42.90530798796844,0.9794198244679192,0.9793491825222999,42.316814540916056,42.29194932699657,0.9791597682428699,0.979067974687326,0.6084517681764652,0.6133586609718691,0.000260056225049321,0.00028120783497387336
global,global_a1.00,Jockey,96,40.480981379283676,40.4676065645553,0.9511970822420586,0.9510727168202561,40.06074267475728,40.03989167894226,0.9507329077574375,0.9505558983980792,0.42023870452639756,0.4277148856130353,0.0004641744846211049,0.000516818422176879
edge_tile,tile_q50_a0.25_0.75,Jockey,96,40.477196714426015,40.45902886604344,0.9518256101534476,0.9516686198595529,40.06074267475728,40.03989167894226,0.9507329077574375,0.9505558983980792,0.41645403966873573,0.4191371871011782,0.0010927023960101145,0.0011127214614736758
global,global_a1.00,Jockey,120,41.91419931707401,41.903604665368455,0.9660253981625643,0.965960738500431,41.518538635336675,41.49731608310532,0.9662540940477351,0.9661360581720152,0.3956606817373327,0.40628858226313724,-0.0002286958851708265,-0.00017531967158423978
edge_tile,tile_q50_a0.25_0.75,Jockey,120,41.94392556116395,41.92714220879221,0.9669431647116983,0.9668479274850138,41.518538635336675,41.49731608310532,0.9662540940477351,0.9661360581720152,0.4253869258272758,0.42982612568689404,0.0006890706639631761,0.0007118693129986031
global,global_a1.00,Jockey,144,42.11271215651899,42.09807632666902,0.9683743067666827,0.9682934459135565,41.766159001605786,41.74470272001894,0.9687278069866284,0.9686067850182619,0.3465531549132024,0.3533736066500808,-0.0003535002199457349,-0.0003133391047054346
edge_tile,tile_q50_a0.25_0.75,Jockey,144,42.1370432737219,42.117628288860445,0.9691559500228921,0.9690472190631074,41.766159001605786,41.74470272001894,0.9687278069866284,0.9686067850182619,0.37088427211611474,0.3729255688415023,0.0004281430362637062,0.00044043404484550575
global,global_a1.00,Jockey,168,42.510749305560026,42.5031250921552,0.9705398465926162,0.9704678113666186,42.1411876173311,42.12362215690911,0.971075670532389,0.9709543736642986,0.3695616882289272,0.37950293524609435,-0.000535823939772806,-0.00048656229767995995
edge_tile,tile_q50_a0.25_0.75,Jockey,168,42.542790758470765,42.527774620032645,0.9714174996216937,0.9713085567397329,42.1411876173311,42.12362215690911,0.971075670532389,0.9709543736642986,0.4016031411396668,0.4041524631235376,0.00034182908930469047,0.00035418307543433336
global,global_a1.00,Jockey,180,43.90541618850978,43.89912966355203,0.980961089085798,0.9809535837569937,43.53419550600178,43.510471129274535,0.982560817402165,0.9824979353704254,0.3712206825080031,0.3886585342774964,-0.0015997283163670106,-0.0015443516134316937
edge_tile,tile_q50_a0.25_0.75,Jockey,180,44.01920123162567,44.00126713196674,0.9824566833839383,0.9824081002486666,43.53419550600178,43.510471129274535,0.982560817402165,0.9824979353704254,0.48500572562389266,0.4907960026922069,-0.0001041340182267314,-8.98351217587523e-05
global,global_a1.00,Jockey,204,44.24265586502322,44.23621343166846,0.9835062326408002,0.983498942086784,43.952096871934636,43.9309429310375,0.9855531154727836,0.9854986949333194,0.290558993088581,0.30527050063096084,-0.0020468828319833987,-0.0019997528465354186
edge_tile,tile_q50_a0.25_0.75,Jockey,204,44.39325574329301,44.3754515375025,0.985102382242509,0.9850576355192082,43.952096871934636,43.9309429310375,0.9855531154727836,0.9854986949333194,0.4411588713583754,0.4445086064649999,-0.00045073323027455814,-0.0004410594141112112
global,global_a1.00,Jockey,228,43.949771166315585,43.93334479866582,0.9833003413926621,0.9832797336303912,43.62875822695763,43.59865129128529,0.984853775487756,0.9847932099803098,0.3210129393579564,0.3346935073805284,-0.0015534340950938974,-0.0015134763499186077
edge_tile,tile_q50_a0.25_0.75,Jockey,228,44.05265639774371,44.02618551236519,0.9845283579518102,0.9844760370926231,43.62875822695763,43.59865129128529,0.984853775487756,0.9847932099803098,0.4238981707860816,0.42753422107989536,-0.0003254175359458378,-0.00031717288768673413
global,global_a1.00,Jockey,240,42.813184124023145,42.799757913330154,0.9721363192379991,0.9720857563729902,42.53596470545798,42.511883785099215,0.9728511042808313,0.9727600151713568,0.2772194185651671,0.28787412823093916,-0.0007147850428321778,-0.0006742587983665782
edge_tile,tile_q50_a0.25_0.75,Jockey,240,42.86883455268439,42.84764177241766,0.9729920202868545,0.9729091298111546,42.53596470545798,42.511883785099215,0.9728511042808313,0.9727600151713568,0.3328698472264122,0.33575798731844486,0.0001409160060231729,0.00014911463979783157
global,global_a1.00,Jockey,264,42.407219467313,42.38572212014838,0.9732652139151338,0.9732092623566038,41.82618692295962,41.79567807379676,0.9733974042048138,0.9733034333905826,0.581032544353377,0.5900440463516219,-0.0001321902896800342,-9.4171033978796e-05
edge_tile,tile_q50_a0.25_0.75,Jockey,264,42.40451194153428,42.37816111758221,0.974019853430416,0.9739413132179573,41.82618692295962,41.79567807379676,0.9733974042048138,0.9733034333905826,0.5783250185746596,0.5824830437854516,0.000622449225602173,0.0006378798273747321
global,global_a1.00,Jockey,288,39.84777764745034,39.82731541754555,0.9468590117735617,0.9467402429650927,39.329176127063235,39.30239735918141,0.9461981102879163,0.9460351837825623,0.5186015203871079,0.5249180583641362,0.0006609014856453488,0.0007050591825303876
edge_tile,tile_q50_a0.25_0.75,Jockey,288,39.822173311881926,39.7989217556417,0.9474045677053823,0.9472649960255762,39.329176127063235,39.30239735918141,0.9461981102879163,0.9460351837825623,0.4929971848186909,0.4965243964602877,0.0012064574174659448,0.0012298122430138836
global,global_a1.00,Jockey,300,42.8843767690324,42.860177931358876,0.9817787587662545,0.9817337516872843,42.09625456290909,42.06091550605191,0.9826849071842793,0.982597243373586,0.7881222061233117,0.7992624253069636,-0.0009061484180247215,-0.0008634916863017317
edge_tile,tile_q50_a0.25_0.75,Jockey,300,42.90094667823338,42.869818048232375,0.9829983131935958,0.9829249755700098,42.09625456290909,42.06091550605191,0.9826849071842793,0.982597243373586,0.8046921153242934,0.8089025421804621,0.0003134060093165081,0.00032773219642379114
global,global_a1.00,Jockey,324,43.775730335900185,43.7567227743779,0.983860559502255,0.9838313275629927,43.31593191239587,43.2855311309233,0.9850455403216012,0.9849821935674442,0.4597984235043171,0.4711916434545955,-0.0011849808193461486,-0.0011508660044514674
edge_tile,tile_q50_a0.25_0.75,Jockey,324,43.838598761762555,43.812283935935945,0.9849723875157941,0.9849176893651825,43.31593191239587,43.2855311309233,0.9850455403216012,0.9849821935674442,0.5226668493666864,0.5267528050126415,-7.315280580710848e-05,-6.450420226167264e-05
global,global_a1.00,Jockey,348,46.22553218224348,46.241995889806724,0.9869078215122228,0.9869210870942086,46.175412858615616,46.17992207398225,0.9881465814503012,0.9881330939326204,0.05011932362786098,0.06207381582447624,-0.0012387599380784264,-0.0012120068384118277
edge_tile,tile_q50_a0.25_0.75,Jockey,348,46.380173063295686,46.39287742142628,0.9876984396510157,0.987701917534156,46.175412858615616,46.17992207398225,0.9881465814503012,0.9881330939326204,0.2047602046800705,0.21295534744403,-0.00044814179928553965,-0.0004311763984643502
global,global_a1.00,Jockey,360,44.192475947603846,44.19017878512405,0.9733287624835888,0.9732899257691736,44.05329616247826,44.04290069737552,0.9736895209888848,0.9736271053154079,0.1391797851255845,0.1472780877485249,-0.0003607585052960438,-0.0003371795462342453
edge_tile,tile_q50_a0.25_0.75,Jockey,360,44.23075240821515,44.22565023833346,0.9736887455006604,0.9736402672119085,44.05329616247826,44.04290069737552,0.9736895209888848,0.9736271053154079,0.17745624573689156,0.1827495409579356,-7.754882244137562e-07,1.3161896500690773e-05
global,global_a1.00,Jockey,384,41.725248434636065,41.724343685394146,0.9456932549142102,0.9456690654396276,41.6654732596911,41.66179164619582,0.9452810274909821,0.9452398858643506,0.05977517494496709,0.06255203919832297,0.00041222742322810646,0.00042917957527699446
edge_tile,tile_q50_a0.25_0.75,Jockey,384,41.73868295670413,41.736082870315116,0.9457877413949961,0.9457524694956461,41.6654732596911,41.66179164619582,0.9452810274909821,0.9452398858643506,0.07320969701303426,0.07429122411929256,0.0005067139040140223,0.0005125836312954712
global,global_a1.00,Jockey,408,44.75726193322258,44.758666592661626,0.9730450910201417,0.9730423852365492,44.822357206006764,44.81772370239276,0.9738053399865381,0.9737818823079935,-0.06509527278418403,-0.059057109731135427,-0.0007602489663963707,-0.0007394970714442728
edge_tile,tile_q50_a0.25_0.75,Jockey,408,44.86549757957141,44.86330197558365,0.9737626705987589,0.9737468397936931,44.822357206006764,44.81772370239276,0.9738053399865381,0.9737818823079935,0.04314037356464695,0.04557827319089114,-4.2669387779192824e-05,-3.504251430030969e-05
global,global_a1.00,Jockey,420,48.280070928332236,48.278951656105455,0.988948902093584,0.9889442228725778,48.8821074361379,48.86654385419501,0.9909406171012612,0.9909189730953689,-0.6020365078056642,-0.5875921980895527,-0.0019917150076772527,-0.001974750222791144
edge_tile,tile_q50_a0.25_0.75,Jockey,420,48.68212458557458,48.672344487572126,0.990153903205001,0.9901377702742878,48.8821074361379,48.86654385419501,0.9909406171012612,0.9909189730953689,-0.1999828505633232,-0.1941993666228825,-0.0007867138962602827,-0.0007812028210810729
global,global_a1.00,Jockey,444,48.27258152895858,48.27197124022256,0.989232692394307,0.9892295254529726,48.84366834422808,48.82922412877069,0.9911710513324863,0.991149622387668,-0.5710868152694957,-0.5572528885481276,-0.0019383589381792854,-0.0019200969346954144
edge_tile,tile_q50_a0.25_0.75,Jockey,444,48.68662449334239,48.67676158525313,0.9904831091161416,0.990468648076992,48.84366834422808,48.82922412877069,0.9911710513324863,0.991149622387668,-0.1570438508856853,-0.15246254351755795,-0.0006879422163447169,-0.0006809743106760413
global,global_a1.00,Jockey,468,48.39700212967452,48.39319001529172,0.989383876689704,0.9893724852669444,48.94430443340096,48.9261833582048,0.9912657086743902,0.9912377463839085,-0.5473023037264397,-0.5329933429130804,-0.0018818319846862774,-0.0018652611169640565
edge_tile,tile_q50_a0.25_0.75,Jockey,468,48.82448912085587,48.81177623173229,0.9906473430585482,0.9906255368940551,48.94430443340096,48.9261833582048,0.9912657086743902,0.9912377463839085,-0.11981531254508582,-0.11440712647251416,-0.0006183656158420536,-0.0006122094898534103
global,global_a1.00,Jockey,492,48.26975909820581,48.28831719393797,0.9893230050614251,0.9893338413581589,48.779107800034296,48.787399796568124,0.9911807453957499,0.9911787252699945,-0.5093487018284861,-0.49908260263015336,-0.0018577403343247312,-0.0018448839118355709
edge_tile,tile_q50_a0.25_0.75,Jockey,492,48.683293078472055,48.69365908448002,0.9905673733322938,0.9905658283254044,48.779107800034296,48.787399796568124,0.9911807453957499,0.9911787252699945,-0.0958147215622418,-0.09374071208810619,-0.0006133720634560191,-0.0006128969445901022
global,global_a1.00,Jockey,504,43.89840677964634,44.10686491044131,0.9710031016146221,0.9711141540930659,43.790297124915575,44.024695383254446,0.971426628171905,0.9715276160823824,0.10810965473076806,0.08216952718686343,-0.0004235265572828384,-0.00041346198931646594
edge_tile,tile_q50_a0.25_0.75,Jockey,504,43.97694907335011,44.19252443656933,0.9717953364709845,0.9718943308892003,43.790297124915575,44.024695383254446,0.971426628171905,0.9715276160823824,0.18665194843453747,0.16782905331488251,0.0003687082990795343,0.000366714806817936
global,global_a1.00,Jockey,528,43.80710325367737,43.82260355769992,0.9718065314157415,0.9718265457727178,43.489069497780655,43.50795396776597,0.9722014458593572,0.9722123816392915,0.3180337558967139,0.31464958993394987,-0.0003949144436157237,-0.0003858358665737027
edge_tile,tile_q50_a0.25_0.75,Jockey,528,43.85484277163157,43.86850385907839,0.9726014373527497,0.9726107727586898,43.489069497780655,43.50795396776597,0.9722014458593572,0.9722123816392915,0.3657732738509125,0.36054989131241655,0.0003999914933925375,0.0003983911193983225
global,global_a1.00,Jockey,552,43.39337873096294,43.38841289104195,0.9712042866838955,0.9711743617542018,42.93264690049988,42.922020784281244,0.9714990010441985,0.9714502583798788,0.4607318304630539,0.46639210676070775,-0.0002947143603030389,-0.0002758966256769524
edge_tile,tile_q50_a0.25_0.75,Jockey,552,43.41628303439422,43.408752114483065,0.9720150012455159,0.9719769671495927,42.93264690049988,42.922020784281244,0.9714990010441985,0.9714502583798788,0.48363613389433624,0.48673133020182036,0.0005160002013173681,0.0005267087697139461
global,global_a1.00,Jockey,564,45.52278896873859,45.56527819850643,0.9863702438133384,0.986371226461736,44.80675583109389,44.85597827463771,0.987739849774362,0.9877221799966923,0.7160331376447004,0.7092999238687199,-0.0013696059610236455,-0.0013509535349562896
edge_tile,tile_q50_a0.25_0.75,Jockey,564,45.63731675280821,45.68109941939352,0.9877586314197341,0.9877505930988381,44.80675583109389,44.85597827463771,0.987739849774362,0.9877221799966923,0.8305609217143228,0.825121144755812,1.8781645372056843e-05,2.841310214574122e-05
global,global_a1.00,Jockey,588,46.526458861685036,46.53664866914828,0.9873801314724787,0.9873924276129838,46.251359690471915,46.25023729400417,0.9885206755049077,0.9885123094247702,0.275099171213121,0.2864113751441053,-0.001140544032429025,-0.0011198818117863496
edge_tile,tile_q50_a0.25_0.75,Jockey,588,46.74111761244486,46.74620741541503,0.9885842106029455,0.9885875719613048,46.251359690471915,46.25023729400417,0.9885206755049077,0.9885123094247702,0.4897579219729451,0.4959701214108563,6.353509803780355e-05,7.526253653455939e-05
global,global_a0.50,Bosphorus,0,40.87943513436582,40.86190608821802,0.9668332010618288,0.9666984851416652,40.16809626373722,40.147404089650045,0.9629887227521441,0.9628050854437066,0.7113388706286017,0.7145019985679752,0.003844478309684707,0.003893399697958655
edge_tile,tile_q75_a0.25_0.75,Bosphorus,0,40.95047327868031,40.93264501864521,0.9668816900112085,0.9667359308760513,40.16809626373722,40.147404089650045,0.9629887227521441,0.9628050854437066,0.7823770149430942,0.7852409289951652,0.003892967259064406,0.003930845432344676
global,global_a0.50,Bosphorus,24,41.67707931113067,41.654255952946784,0.9731499303557558,0.9730339002274406,40.93381583857982,40.90728549401014,0.9698845921345924,0.9697243273130879,0.7432634725508507,0.7469704589366444,0.003265338221163372,0.003309572914352743
edge_tile,tile_q75_a0.25_0.75,Bosphorus,24,41.78207590692567,41.75846670756235,0.9733803795186229,0.9732543408744855,40.93381583857982,40.90728549401014,0.9698845921345924,0.9697243273130879,0.8482600683458514,0.8511812135522092,0.0034957873840304465,0.0035300135613975936
global,global_a0.50,Bosphorus,36,41.7410097436142,41.71829242475833,0.9728541609808848,0.9727473296735926,41.04358462826064,41.01630430273901,0.9699020898991676,0.9697469817003235,0.6974251153535604,0.7019881220193227,0.0029520710817172446,0.0030003479732690908
edge_tile,tile_q75_a0.25_0.75,Bosphorus,36,41.84931297466044,41.825617672201105,0.9731174905237495,0.9729998504266493,41.04358462826064,41.01630430273901,0.9699020898991676,0.9697469817003235,0.8057283463998033,0.809313369462096,0.003215400624581921,0.003252868726325797
global,global_a0.50,Bosphorus,60,41.59072483327304,41.56763795468923,0.9716337593970721,0.9715108494203081,40.852905207314066,40.82604797070445,0.9683504989164665,0.9681846640134945,0.7378196259589771,0.741589983984781,0.0032832604806055654,0.00332618540681362
edge_tile,tile_q75_a0.25_0.75,Bosphorus,60,41.70236116656628,41.67846111097535,0.9719544375547015,0.9718212589690302,40.852905207314066,40.82604797070445,0.9683504989164665,0.9681846640134945,0.8494559592522108,0.8524131402708974,0.003603938638234938,0.003636594955535699
global,global_a0.50,Bosphorus,84,41.59727983186366,41.576712247401474,0.9719413728573457,0.9718304500532433,40.86238868909941,40.83773475782926,0.9687372427308137,0.9685851676072296,0.7348911427642477,0.7389774895722141,0.003204130126531979,0.003245282446013742
edge_tile,tile_q75_a0.25_0.75,Bosphorus,84,41.716514161694775,41.69477930292608,0.9722611121186002,0.9721399364500884,40.86238868909941,40.83773475782926,0.9687372427308137,0.9685851676072296,0.8541254725953635,0.8570445450968194,0.0035238693877864824,0.0035547688428588797
global,global_a0.50,Bosphorus,96,41.02306461469617,41.00134400525576,0.967685770540475,0.9675479825168605,40.32878649672065,40.3033761424897,0.9641138261856192,0.9639284498980527,0.6942781179755144,0.6979678627660633,0.0035719443548557495,0.0036195326188077637
edge_tile,tile_q75_a0.25_0.75,Bosphorus,96,41.1023358563157,41.0798457662031,0.9677610493624815,0.9676108764515905,40.32878649672065,40.3033761424897,0.9641138261856192,0.9639284498980527,0.7735493595950445,0.7764696237134032,0.00364722317686228,0.0036824265535377876
global,global_a0.50,Bosphorus,120,41.44023743563533,41.417907855771375,0.9706948115921202,0.9705633239938035,40.751545530740586,40.72576986009268,0.967460856626483,0.9672819143681249,0.6886919048947462,0.6921379956786922,0.0032339549656372757,0.0032814096256785774
edge_tile,tile_q75_a0.25_0.75,Bosphorus,120,41.54440639081389,41.52115152440295,0.9709407978348219,0.9707979997766888,40.751545530740586,40.72576986009268,0.967460856626483,0.9672819143681249,0.7928608600733043,0.7953816643102698,0.0034799412083389436,0.0035160854085638515
global,global_a0.50,Bosphorus,144,41.34477153067834,41.325833449445696,0.9699515972617712,0.969809597402734,40.644537975512385,40.622549583560996,0.9665660431630495,0.966375137471247,0.7002335551659513,0.7032838658846998,0.003385554098721655,0.003434459931486944
edge_tile,tile_q75_a0.25_0.75,Bosphorus,144,41.45450354794417,41.43460014191348,0.9701967774463579,0.9700415690933298,40.644537975512385,40.622549583560996,0.9665660431630495,0.966375137471247,0.8099655724317856,0.8120505583524817,0.003630734283308401,0.0036664316220827997
global,global_a0.50,Bosphorus,168,41.48814156904413,41.46165057703304,0.971280415219418,0.9711196182288564,40.790611193947214,40.760640934498866,0.9681085937991561,0.9678989355583071,0.6975303750969175,0.7010096425341743,0.0031718214202618444,0.003220682670549313
edge_tile,tile_q75_a0.25_0.75,Bosphorus,168,41.610258194020616,41.58250869318173,0.9715668241501924,0.971393296509758,40.790611193947214,40.760640934498866,0.9681085937991561,0.9678989355583071,0.8196470000734024,0.8218677586828633,0.0034582303510362067,0.0034943609514509477
global,global_a0.50,Bosphorus,180,41.81321469866426,41.79043821345873,0.9731531229190983,0.9730252009168016,41.11138560295203,41.08472280424568,0.9702540370764096,0.970080538568379,0.7018290957122275,0.7057154092130489,0.00289908584268872,0.002944662348422611
edge_tile,tile_q75_a0.25_0.75,Bosphorus,180,41.95369046138993,41.92946433902465,0.9735688239172204,0.9734286666244979,41.11138560295203,41.08472280424568,0.9702540370764096,0.970080538568379,0.8423048584378989,0.8447415347789686,0.0033147868408108794,0.0033481280561189486
global,global_a0.50,Bosphorus,204,41.77881633027202,41.749608589295505,0.9733657764187619,0.9732361394753317,41.05144927464501,41.01793534418937,0.9703903183584787,0.9702097588135272,0.7273670556270133,0.731673245106137,0.0029754580602832092,0.0030263806618044953
edge_tile,tile_q75_a0.25_0.75,Bosphorus,204,41.919985043090634,41.88919173639036,0.973758846825664,0.9736149152374671,41.05144927464501,41.01793534418937,0.9703903183584787,0.9702097588135272,0.868535768445625,0.8712563922009906,0.0033685284671853832,0.0034051564239399035
global,global_a0.50,Bosphorus,228,42.08858749285649,42.064884011509434,0.9744549996919641,0.9743493916070732,41.42529606872387,41.39703904568502,0.9718252742133225,0.9716739588249198,0.6632914241326233,0.6678449658244148,0.002629725478641598,0.0026754327821534307
edge_tile,tile_q75_a0.25_0.75,Bosphorus,228,42.23667361029047,42.21167691339109,0.9748538568945989,0.9747343874157602,41.42529606872387,41.39703904568502,0.9718252742133225,0.9716739588249198,0.8113775415665998,0.8146378677060682,0.0030285826812763705,0.003060428590840436
global,global_a0.50,Bosphorus,240,41.648006818144964,41.62458618610631,0.9723737616234353,0.9722480859807142,40.97103295345726,40.94329729189546,0.9693836657266827,0.9692076475703519,0.676973864687703,0.6812888942108515,0.002990095896752587,0.0030404384103622784
edge_tile,tile_q75_a0.25_0.75,Bosphorus,240,41.783089014588846,41.75827289800359,0.972738352915545,0.9725975143975202,40.97103295345726,40.94329729189546,0.9693836657266827,0.9692076475703519,0.8120560611315852,0.8149756061081277,0.0033546871888623375,0.003389866827168242
global,global_a0.50,Bosphorus,264,42.02781871638567,42.01311963093304,0.9737629884602059,0.973645282695478,41.356099468468756,41.33711885857092,0.9709599602018134,0.9707943894098733,0.6717192479169114,0.6760007723621229,0.002803028258392515,0.0028508932856047275
edge_tile,tile_q75_a0.25_0.75,Bosphorus,264,42.17836031607988,42.16348231903331,0.9741978300772205,0.9740685149388372,41.356099468468756,41.33711885857092,0.9709599602018134,0.9707943894098733,0.8222608476111262,0.8263634604623888,0.0032378698754070845,0.0032741255289638893
global,global_a0.50,Bosphorus,288,41.61800180793342,41.59682808286594,0.9703739262925005,0.9702485597732458,40.991928568571836,40.96642100635363,0.96743285416055,0.9672574686803124,0.6260732393615811,0.6304070765123129,0.002941072131950495,0.0029910910929333845
edge_tile,tile_q75_a0.25_0.75,Bosphorus,288,41.74697991575245,41.72437785551157,0.9707230338401361,0.9705822309090723,40.991928568571836,40.96642100635363,0.96743285416055,0.9672574686803124,0.7550513471806113,0.7579568491579423,0.003290179679586114,0.003324762228759881
global,global_a0.50,Bosphorus,300,42.36587864353893,42.34632508503263,0.9751916876622442,0.9750932983091017,41.68475814508539,41.66043520809035,0.9726331340995896,0.9724881651667072,0.681120498453538,0.6858898769422836,0.002558553562654553,0.0026051331423945223
edge_tile,tile_q75_a0.25_0.75,Bosphorus,300,42.54508029570214,42.523784476387156,0.9757025946620649,0.9755902148667968,41.68475814508539,41.66043520809035,0.9726331340995896,0.9724881651667072,0.8603221506167529,0.8633492682968082,0.003069460562475257,0.0031020497000895375
global,global_a0.50,Bosphorus,324,42.323899827004766,42.30613090418991,0.9746244828041554,0.9745355970625585,41.663456716763754,41.640308350287555,0.9720973609422966,0.9719634132018927,0.6604431102410118,0.6658225539023519,0.002527121861858772,0.002572183860665822
edge_tile,tile_q75_a0.25_0.75,Bosphorus,324,42.49837144489247,42.47957421820621,0.9751427633462119,0.9750419308105176,41.663456716763754,41.640308350287555,0.9720973609422966,0.9719634132018927,0.8349147281287159,0.8392658679186553,0.003045402403915265,0.0030785176086248756
global,global_a0.50,Bosphorus,348,42.30490291142046,42.28457942445888,0.9746004941842296,0.9745010019823542,41.647776123216815,41.62252173287247,0.9721352931518065,0.9719918362352559,0.657126788203648,0.662057691586412,0.002465201032423092,0.002509165747098363
edge_tile,tile_q75_a0.25_0.75,Bosphorus,348,42.47940053579104,42.457416853041714,0.9751161265435601,0.9750021578160489,41.647776123216815,41.62252173287247,0.9721352931518065,0.9719918362352559,0.8316244125742216,0.8348951201692429,0.00298083339175359,0.0030103215807930628
global,global_a0.50,Bosphorus,360,42.319328276353964,42.297305244743924,0.9749864444003751,0.9748753659250132,41.657258712619125,41.62997034477173,0.9724340722666134,0.972275459967448,0.662069563734839,0.6673348999721966,0.0025523721337616934,0.0025999059575652073
edge_tile,tile_q75_a0.25_0.75,Bosphorus,360,42.479918321804966,42.45633020574581,0.9753357216558641,0.9752096217051843,41.657258712619125,41.62997034477173,0.9724340722666134,0.972275459967448,0.8226596091858411,0.8263598609740797,0.002901649389250749,0.002934161737736307
global,global_a0.50,Bosphorus,384,41.9217276796989,41.9032865029093,0.9716815753834331,0.9715760205730444,41.311531645700796,41.2887102009515,0.9690519745246426,0.9689001174474146,0.6101960339981005,0.6145763019578041,0.002629600858790493,0.0026759031256298194
edge_tile,tile_q75_a0.25_0.75,Bosphorus,384,42.06607829004085,42.046741865870054,0.9720195489853717,0.9718982362238936,41.311531645700796,41.2887102009515,0.9690519745246426,0.9689001174474146,0.7545466443400528,0.7580316649185548,0.002967574460729039,0.002998118776479042
global,global_a0.50,Bosphorus,408,42.38525144134012,42.36990097338602,0.9752776967477356,0.9751941785931336,41.73714200094914,41.71674198746154,0.9729236981772394,0.9727993870694446,0.6481094403909751,0.6531589859244775,0.0023539985704961186,0.002394791523689044
edge_tile,tile_q75_a0.25_0.75,Bosphorus,408,42.56274134363099,42.546434936495544,0.975669657429708,0.9755717214191924,41.73714200094914,41.71674198746154,0.9729236981772394,0.9727993870694446,0.8255993426818478,0.8296929490340048,0.002745959252468566,0.0027723343497477737
global,global_a0.50,Bosphorus,420,42.33582720809201,42.315556192968856,0.9748667789011947,0.9747753897800076,41.68817004848137,41.66268739985499,0.9725142311338845,0.9723802824746852,0.6476571596106453,0.6528687931138677,0.002352547767310198,0.0023951073053223304
edge_tile,tile_q75_a0.25_0.75,Bosphorus,420,42.523553072431426,42.50211429577101,0.9752695744700876,0.9751644586231891,41.68817004848137,41.66268739985499,0.9725142311338845,0.9723802824746852,0.8353830239500581,0.83942689591602,0.0027553433362030866,0.002784176148503903
global,global_a0.50,Bosphorus,444,42.25081565569511,42.23390013420877,0.9744257120995109,0.9743350020867605,41.59313414364041,41.57069861102976,0.9720208795244605,0.9718884996269453,0.657681512054701,0.6632015231790049,0.0024048325750504196,0.0024465024598151475
edge_tile,tile_q75_a0.25_0.75,Bosphorus,444,42.43767142243573,42.41974949574637,0.9749074543444028,0.9748029066254644,41.59313414364041,41.57069861102976,0.9720208795244605,0.9718884996269453,0.8445372787953147,0.8490508847166112,0.002886574819942367,0.0029144069985190812
global,global_a0.50,Bosphorus,468,42.3458568292046,42.33050138006419,0.9755367209202057,0.9754597915526722,41.66565546447892,41.64572208330093,0.9731667673229497,0.9730489451859704,0.6802013647256828,0.68477929676326,0.0023699535972560026,0.0024108463667017466
edge_tile,tile_q75_a0.25_0.75,Bosphorus,468,42.547216485233655,42.53172056898712,0.9760411288382443,0.9759516169692767,41.66565546447892,41.64572208330093,0.9731667673229497,0.9730489451859704,0.881561020754738,0.8859984856861871,0.0028743615152946322,0.0029026717833062765
global,global_a0.50,Bosphorus,492,42.354878005681584,42.34251556083936,0.9756428686527078,0.9755812349575191,41.650044298850226,41.63361772541396,0.973242809732768,0.9731473267281024,0.7048337068313586,0.7088978354253967,0.0024000589199397737,0.0024339082294166925
edge_tile,tile_q75_a0.25_0.75,Bosphorus,492,42.54882040329419,42.537028959742685,0.9760550266156685,0.9759831886853715,41.650044298850226,41.63361772541396,0.973242809732768,0.9731473267281024,0.8987761044439608,0.903411234328722,0.0028122168829004535,0.002835861957269037
global,global_a0.50,Bosphorus,504,42.17115203617736,42.152841988919576,0.974882621859123,0.9748030022564392,41.48109967747849,41.45751322586892,0.9723300922813052,0.9722087595287259,0.6900523586988712,0.6953287630506537,0.002552529577817819,0.0025942427277133584
edge_tile,tile_q75_a0.25_0.75,Bosphorus,504,42.32844861973191,42.3094203442312,0.9751553735947156,0.9750630166265966,41.48109967747849,41.45751322586892,0.9723300922813052,0.9722087595287259,0.8473489422534186,0.8519071183622771,0.0028252813134104215,0.0028542570978706827
global,global_a0.50,Bosphorus,528,42.348073460583734,42.33291482939323,0.9755355648245182,0.9754625820229875,41.68422310778966,41.66412022529853,0.9731060723105026,0.9729944028712049,0.6638503527940713,0.6687946040946997,0.0024294925140155854,0.002468179151782657
edge_tile,tile_q75_a0.25_0.75,Bosphorus,528,42.51318990620214,42.49710746285083,0.975878194235899,0.9757919282355911,41.68422310778966,41.66412022529853,0.9731060723105026,0.9729944028712049,0.8289667984124804,0.8329872375522953,0.0027721219253964424,0.0027975253643862663
global,global_a0.50,Bosphorus,552,42.48554673487928,42.47015299696437,0.9762786755423113,0.9762102189404449,41.834503281896914,41.81347305170643,0.9739346275477091,0.9738251460712956,0.6510434529823641,0.6566799452579417,0.002344047994602194,0.0023850728691493517
edge_tile,tile_q75_a0.25_0.75,Bosphorus,552,42.64223874518942,42.6254262267262,0.9765809519093537,0.9764970597491547,41.834503281896914,41.81347305170643,0.9739346275477091,0.9738251460712956,0.8077354632925022,0.8119531750197666,0.002646324361644581,0.002671913677859128
global,global_a0.50,Bosphorus,564,42.65802459321325,42.6406727140746,0.9768653936381888,0.976793238972447,42.01425322475337,41.990898727513,0.9747229895928681,0.9746092454354945,0.6437713684598805,0.6497739865615983,0.002142404045320734,0.002183993536952422
edge_tile,tile_q75_a0.25_0.75,Bosphorus,564,42.83719349790586,42.81825379560105,0.9772798708711979,0.9771936669959733,42.01425322475337,41.990898727513,0.9747229895928681,0.9746092454354945,0.82294027315249,0.8273550680880533,0.00255688127832987,0.002584421560478778
global,global_a0.50,Bosphorus,588,42.83073386997465,42.81464389949814,0.9774749571480316,0.9773939422482146,42.18444433735045,42.16404770026482,0.9754217409594829,0.9753024692960093,0.646289532624202,0.6505961992333198,0.002053216188548701,0.0020914729522053532
edge_tile,tile_q75_a0.25_0.75,Bosphorus,588,43.02606435667792,43.00952976137516,0.9779612441341957,0.9778689348188032,42.18444433735045,42.16404770026482,0.9754217409594829,0.9753024692960093,0.8416200193274719,0.8454820611103457,0.002539503174712854,0.002566465522793937
