sample_id,sequence,decoded_frame_index,timestamp_s_from_dataset_fps,hr_y_sha256,lr_y_sha256,bicubic_y_sha256,hybrid_y_sha256,bicubic_psnr_db_full,bicubic_ssim_full,bicubic_psnr_db_shave8,bicubic_ssim_shave8,hybrid_psnr_db_full,hybrid_ssim_full,hybrid_psnr_db_shave8,hybrid_ssim_shave8,hybrid_gain_vs_bicubic_db_full,hybrid_gain_vs_bicubic_db_shave8,hybrid_ssim_delta_vs_bicubic_full,hybrid_ssim_delta_vs_bicubic_shave8,bicubic_temporal_difference_mae_u8,hybrid_temporal_difference_mae_u8,failure_triggered
Beauty_first5s_f03,Beauty,36,0.3,c73f30aedc527abb8a8a3837c79f5101385374cf117eb74cae645aa01078ece2,5efa819fe22544fd77482e1c308efc012800e2507fa76bbe4cb322d589481e3d,5498946d527809538a28436ee031c69ffe79a96d558cc7af3cf93c4dc54ce99d,2429d21110184da30daa642f09394a484b61e581e5814a3efc95aa8562412742,47.6071362266724,0.9879201792897441,47.621479257011,0.9879571519841789,47.88017988283453,0.9877218950166767,47.92627019195322,0.9878492277839607,0.27304365616213033,0.3047909349422184,-0.00019828427306733953,-0.00010792420021821236,1.8131864539748954,1.7597750167832387,True
Beauty_first5s_f05,Beauty,60,0.5,fb042a424a92433d673568954e5d54bb61699820c128083f1ad73537851404b9,b8992536f119a2828257e84700bc7826fe806deb156d91fcb349088cc325ac1b,62a43b909459f9b6bb145ffeb25905ed42228f1ed3845fefdc29872667cd9b66,b43fea33c778fec3d0b7ea40e12eb873ee80d0c5286b01106607a047efcb80bb,48.46761093387697,0.9909960069893645,48.48672377130248,0.9910124322208281,48.718592576121225,0.9902931256372479,48.77750079745631,0.9903983949157331,0.25098164224425545,0.29077702615383316,-0.0007028813521166022,-0.0006140373050950165,1.757423533808468,1.7204772343174295,True
Beauty_first5s_f07,Beauty,84,0.7,bb131b738de0118d998092369025ecd675b70250407732478b3488495a2e8796,991145130282f839dc707fe0f531576fcd2ca44e01d07dfca907ab5a9088de40,aee073c377a2f5373d8502024da0bb561580addc7df28b8679ee14343fd90250,738350d244ec24578315ae7e07420a742cf48f0fa4e873cb797f5d7f0af8ffca,49.348477079889136,0.9917274372292675,49.355711021204684,0.9917358398709606,49.22652320362879,0.9908155582380052,49.27878208938691,0.9909126299292432,-0.12195387626034915,-0.07692893181777549,-0.0009118789912623271,-0.0008232099417173622,1.7521243725800912,1.7171915738384438,True
Beauty_first5s_f09,Beauty,108,0.9,9f0badfcae1aaaf3055f0f21f7485554b6b3c987e5b7679580cf57d85b8be98b,9c40803cbf141772c83d69c72ebc98d7ed5b5ba26ae1785ee7ece68373ddab78,3841de566bad5eea22e572f94a4e007753a0a8086b29b5207f12b6e8239cffcd,1b5f8ed99309f031e8eee05c38bc923f1a9349c490742bf1d55157d55b5689d9,49.68197423964827,0.9928078702720271,49.70917313150605,0.9928293661940291,49.47800569489185,0.9916962374175634,49.54382050886808,0.9917937216868127,-0.203968544756421,-0.16535262263796824,-0.0011116328544636955,-0.0010356445072163822,2.455964733731968,2.4255532858068443,True
Beauty_first5s_f11,Beauty,132,1.1,d03b46bd82423f3295f54ccf05eee6212f390e8108bf4703ef83139959a4adeb,6562a731c9150514252559e8c24e0b50cf047a5d64e02898109f8716968c8691,f3b4fd15479e10abaf88ea912ac10c6cf0574e33f3275d4a00069f436553990e,f7c77f2785dfd296973b8ec3ad1ac8c1a9efae150cc26f8686c13bb69137fef5,46.61877998722784,0.9821114483231344,46.62121225900351,0.9820978018507148,46.542969024052056,0.9812861383401638,46.567854545749114,0.9813555317219788,-0.07581096317578329,-0.053357713254392536,-0.0008253099829705901,-0.0007422701287360667,1.8624992925669768,1.8448670123493411,True
Beauty_first5s_f13,Beauty,156,1.3,a96ae1e4d389c94b0743b64a67da1204a2b3e6283ebcdf8f7963d561429e5e2b,675933e608dc419a14facd91eb23f78067c86d31b83ac5d5f658423047caa5c7,5bdb5d9f0ef7078747dad302db473a3db5025a4b6a7392e7f1493f8c969827fb,daf906a1d52401b13887f6892170b24ec112b0f1ba7d5624c3080bc5f0cd7c08,49.65200463391935,0.9918796001835974,49.67950705631737,0.9919213627010683,49.23797508357563,0.9906627049150921,49.30099836652053,0.9907845473017315,-0.41402955034372013,-0.3785086897968384,-0.0012168952685053247,-0.0011368153993368546,1.7093461416115032,1.7235004127505777,True
Beauty_first5s_f15,Beauty,180,1.5,f09581fbc5288e2f6aa157b47a054cf4c38085ee9f3b84f042c82cf4ccb44aba,6d026cea8094048d11fb44723310a91be78353fa9832f50e90a6f9ac55dfd4aa,df20ca056d094e9a5022ffd198fcef72e0f4619168a9a77027cdcc37c8817314,6040a47c48c98e0c4f123d824015db309bf9f6d45423b79c64c703d6c4286a70,49.73150207309754,0.9921755885173809,49.7568832532845,0.9922172836120796,49.30657617670272,0.9909011446618463,49.371212071765655,0.9910251133710135,-0.4249258963948179,-0.3856711815188447,-0.001274443855534546,-0.001192170241066104,1.796823284206582,1.796285635108974,True
Beauty_first5s_f17,Beauty,204,1.7,f02b3b1fd08d74951a4a0e3fc627167b04c63a6fce6e0b7ff6e69d90d6240849,3815e52d6d8f829228739009d1b18b79687c9c907a8188f5781214a538cc698d,0ef0fa9cdc33ea9c92a67a07bf6704eb804108bf7f361fa9d4a0f4926d18fef7,035e64907d917dda73238be0f0ac95baa9bf0ce6ef1c1c2c4f2b5ba90b9fa951,50.54680566109972,0.9936612532875125,50.55367103940705,0.9936730756468782,49.89851050400617,0.992174057161738,49.95270036686751,0.9922672727145689,-0.6482951570935498,-0.600970672539539,-0.0014871961257745259,-0.0014058029323092969,2.347912633485293,2.3453922203834385,True
Beauty_first5s_f19,Beauty,228,1.9,8ca180bb4fed6b792b8acbbc48dbf22a40662b1dd15ad9d1f89c7ab45e038e5a,634870572b3bb454f86d271ec2ec520c8189d0620a18cd54b3e15b32ac37669f,b6c0ee8f96fee4600a6cd445218c5722313246c74e040502024a44bf3e625baf,958097070c36c84aacbde79d13418200e9f987ce5f33f6e48f19d565cc64a615,47.238637963719924,0.9868564037057777,47.232578100096035,0.9868526449361604,47.323381929695344,0.9858226663138293,47.344559894732264,0.9858946324412278,0.08474396597542011,0.11198179463622893,-0.0010337373919483417,-0.0009580124949326585,1.8178173349387998,1.8134332017345283,True
Beauty_first5s_f21,Beauty,252,2.1,17b086d927339ec285834959359aea4b7a6b7b0e6d6e97e1f2238fde8ad757dd,86a6c3ef24616b5bb027384bff07fdf89f2f41cef4c22340481554a25a99f3ee,99a36187c961f6f0a8d7e17351919c6a104ecd69aaf3fcf694bdbe35503c0938,7caec85dd414b34d179115e4d984847ccc25318cc9b2788d33f9196b54868dd2,48.5368910329136,0.9909635183941089,48.55697223074887,0.9909916841952803,48.5628762765679,0.9900703323966268,48.61476316680928,0.9901836541519778,0.025985243654297108,0.057790936060413856,-0.0008931859974821155,-0.0008080300433024323,1.8006719637950415,1.7963182014222818,True
Beauty_first5s_f23,Beauty,276,2.3,14e7901fa86e9c0343f687b4a6f3ce8497d6fddfd3c8a26866821a97e5f4ea92,ac6684a28f3de3da06dfe30ad7f2c6035e0d6d76acd1573dd5a590043f0277e5,7de85c1a6baedb64ba9cdb6fcde94f251b86885bf04e61b1c859155783b826a6,aa7bb80c5d9aa474c719561bd775bc4852e66da5c0a3a3fb9a3c37c1a8b8fee0,47.72519758132853,0.9916364850348048,47.72442528841494,0.9916296097147621,48.504358257609354,0.9913034175465256,48.541386337827475,0.991383907927468,0.7791606762808243,0.8169610494125337,-0.00033306748827921506,-0.00024570178729410586,1.8730857838162742,1.8375704505714108,True
Beauty_first5s_f25,Beauty,300,2.5,fac45c531ee237cc849fd95f44a82a06104a2c69aeae4730113bb8c2eba49969,7b26e8ac8edebb8a55915758fa7772f26378f84ba0cd7b0430d621903502e81c,1485182d0128b598ff27a361e68e5c3bcd9f6397c17cd0b1bb6f1c21eb4d142b,e1efa0caa5a467ee510c4c746539c31292948cb51f6c1d4a49b2e665ced501f2,49.0549771052075,0.992291744195393,49.06005580844297,0.9923086145569312,49.13202925658159,0.9914247169270028,49.179981254884105,0.9915302371704311,0.07705215137409027,0.11992544644113678,-0.0008670272683901636,-0.0007783773865001065,2.386746681407294,2.3573725986308,True
Beauty_first5s_f27,Beauty,324,2.7,8211c79d6544dd260a01941f1a923309587e95be198ebedcee0146895686e5b5,47c012f25678871b84a963198190287cd1d6576b71c843139b8609fcfd464959,065d37288f35ec093c3aab02c5c4dfc071961fddbe0d76adbbe46be4af3a11b5,2fbab1f515b4b14838a6e20de134d94e99b230c19e49a7c2985b031eeb02e542,47.40568760036841,0.9863022184982,47.41045619813673,0.9863109421202894,47.28771351802006,0.9850829789491448,47.31798904961921,0.9851706980042255,-0.11797408234834705,-0.09246714851752103,-0.0012192395490552288,-0.0011402441160638377,1.8431256293714482,1.8465002068631737,True
Beauty_first5s_f29,Beauty,348,2.9,c02991abca0d7c2b4274c4ef9618e9852af29b2ebb9fe8d6e67db84e14948be2,e9fb8a144fc64c5f86c201b139f96197216526298bc8aab2b3ac73495106d852,5a2753aca09ce00467a7db1d3403a0afc602ae2a9833a18f9ab39095ec629e33,fe507983a584f1beed59237070ec1d557e21b435253f8f0c1f81c61488ca181b,48.485389765324236,0.9916585324853954,48.491671774678586,0.9916845445555788,48.78438856542531,0.9908808650321728,48.83367300332846,0.9909922562571811,0.2989988001010744,0.34200122864987037,-0.000777667453222608,-0.0006922882983976253,1.7856808481780428,1.7735188547976644,True
Beauty_first5s_f31,Beauty,372,3.1,bfa0def5c5c98c88c7f08ac07f267f35b547deae010bd11750af241873726a0d,792e0a1fab66b6b9d6cf02aa892b712dd4547d8a982a0fcb35562a697c153b45,db6ebc89763961bb48f8e35aca9801d25b20f0b93cf331a8318a9170a3b36ef5,27eea5a65e408ed0222ec9eeb5615dc15ced9f539a0bccd23553f1591f37c925,49.21868113759491,0.9925084701560208,49.22228946948856,0.9925230296225303,49.12481527099053,0.9913835455008936,49.1708431069263,0.9914826612639807,-0.09386586660438212,-0.05144636256225965,-0.0011249246551272574,-0.0010403683585495926,1.7667525018734778,1.7478481838974582,True
Beauty_first5s_f33,Beauty,396,3.3,27cb2cb7bc7bb634a15e6bf94fb9bf8fcdd332a307e9e207d7cfa0913e137ad0,c2bc6feb69821f8ad543dfb697a232d3ba4113f26bfdf189270dc55a1ee8e6dc,ec82f791930512b3f2dedeff5b6876d413d6c215e28eccae10154774f1ee7c2d,cbd03413c0a257bc7d128ddcc73268afae80f42733c4badb753c114a1551e48d,48.64967755018916,0.9921754430589388,48.65391316214119,0.9921805592963099,49.05508593089223,0.991487297795506,49.10267754598587,0.9915750614379526,0.40540838070307217,0.44876438384468287,-0.000688145263432749,-0.0006054978583572845,2.4705739574876664,2.407654864407044,True
Beauty_first5s_f35,Beauty,420,3.5,e61ed7e5ddfe43682e4e5ac1a26fbdd99e10f7d3752c3cab49cb9243a49c0d05,a8e46514ae957789007f2e2e06ef2734e7c7344cf163af97c6fa5f1c6b4814d0,8a37a49f44c275bbdec813ab0003986a0d1b1c174d56ea2dd1a4474afedc0e9b,ab5c7bdee50fa3a3706de565bad04467e10e64932d326c3a4b8986cf383682c3,46.74485306930303,0.9838374833284047,46.75123443674947,0.9838412945745915,46.77067037682243,0.9829212978777764,46.797363671931855,0.9830011845902724,0.025817307519396593,0.04612923518238432,-0.0009161854506283262,-0.0008401099843190485,1.8302098539077625,1.8228704802348092,True
Beauty_first5s_f37,Beauty,444,3.7,a1e2ae920557a0f797144766eb4628b0608f2761641daaab9d0c49aff4901f55,d5ca250a15ae22e42e3fb2dd9068181bc5396bad13b85c46b963eedd159f73b9,ce4a96a44db71cea7de1b8d1a1b9218198ca0b5f0999e228f67e88c934d5a19c,d49fa9f0a97a5613045216f38a5d200512a429aae633e917626357682562425b,48.20980326307519,0.9912749452134271,48.208387399572025,0.9912665983338269,48.7175519950459,0.9907581393274625,48.75694311613362,0.9908379776291136,0.5077487319707146,0.5485557165615944,-0.0005168058859645885,-0.0004286207047132784,1.7832363011693624,1.7578645817070506,True
Beauty_first5s_f39,Beauty,468,3.9,f377a005d0fa653ef13581f6b0378d044039f4b8b6f95a1c588a37f41cc215fd,e490a9d8a07e0366db269a5dfad13ce7676af387cdf1be77f0e027da528d5332,7c4795ee7d738e347fc152618276a40ab7b8395f9dda520d3bfb39265a8741e6,7d96f0f9ef7cf1a430ff9636d9eeaee45f1bb424c8f19ee29cc311dbd22496c9,48.327101310847084,0.9913817486973086,48.32373648218721,0.991380385532305,48.6885325672195,0.9907719777544173,48.72623414064926,0.9908578789526761,0.3614312563724127,0.4024976584620532,-0.0006097709428912745,-0.0005225065796289341,1.787192315423406,1.761250258578967,True
Beauty_first5s_f41,Beauty,492,4.1,b0ad0ee4b6df5233c4abc8788aa00dda011294f8ffa961a69920b180e712b5ab,47cf63cefca53e07d70d03cf19bd19e0baf4494a7708d2687ae709e61f746a29,a17271e3b249a9b4e131ba242d46e222adf106f0c1c4d199dc3bf37093a8993c,51d68725b67403e87d9a597d2004fd006ec198e492abae6c049dda93d2d8292c,47.25849182319989,0.9914313968230777,47.260732556347094,0.9914303317575311,48.08141682123852,0.9909829181836769,48.11196181679078,0.9910637755349722,0.82292499803863,0.851229260443688,-0.0004484786394007845,-0.0003665562225589891,2.3929729458096545,2.3494353220820585,True
Beauty_first5s_f43,Beauty,516,4.3,5534fd11d9448ee57021aeb762a5828f1709db93bd11b35519a4780f1c5e57ba,e687f37408b4b59c1c84fb27f7dd307efdbadbb4cbc72ceaae4218dbc3352c44,e0aa24b9b98948ac7bed1217364e92ec5303ea15539f3a07dde9491eebc3973b,fd7471c13974009b27a5b2fe71c02270074ef7eee3c5a5d38267ffdf5dfee24b,46.318642365448454,0.983432639833163,46.31971086621236,0.9834280443473713,46.593144788163755,0.9828855430397604,46.6165752568139,0.9829609450105856,0.274502422715301,0.2968643906015416,-0.0005470967934025905,-0.0004670993367856813,1.877044969321801,1.8548992664163493,True
Beauty_first5s_f45,Beauty,540,4.5,078d0f897130c1a3da1aaa945636bc5b2cb5650555454dfa6d5213d935f88b4c,81d97b05f52be6016b870f2356b7d9d4509081d5bbd01593e8557d0c8e672d6d,adb7a9cdb704ea0518c556343fa7ab0ecfa7799cf3e562fd809f1226d885974e,a4b40bdd638034e3616b2bdeacf074b4a04c5df043d2a1fd21eaffd9824923bd,48.016918029848775,0.9901659151658014,48.0435199225527,0.9901792598025977,48.445542315660276,0.9897990249762784,48.50218707771272,0.9898952504387327,0.4286242858115017,0.4586671551600219,-0.0003668901895230725,-0.00028400936386496767,1.8362102276275527,1.8104973546883782,True
Beauty_first5s_f47,Beauty,564,4.7,9c967c2538b0f0d27da28d6fe27698f501004fed23ba6eef26f614175f14df98,c23bbc65586241bffa38bf06b403561095b8dad09e90cde7fdc569e4c3f9a003,d307c6fd7f35d6ff0e6c45f0af6f210ca0eea300dd2d9f5389a2ba1f15ce42f0,2e4da54383c82b50899d5effb0ae21f3db18ce1497a00eef133eefcdd9703968,49.27199751629522,0.9922553752028278,49.30062942774021,0.9922761028146188,49.33388512559553,0.9914672840391509,49.394081082334715,0.9915601080240288,0.06188760930030668,0.093451654594503,-0.0007880911636769516,-0.0007159947905899244,1.8402768697698744,1.8177851345391245,True
Beauty_first5s_f49,Beauty,588,4.9,afe2346911ea237b7b2beb55b664fb62b680be1dd10565d7324d28976ef3d7e6,9477e5d44c9d6238d7c98b2fd77bd471bc2c2e70cafb5ef495e35f6d06a6e614,029b160cd93ce50ba692456aee471214d57aec74f6e6af77bf3026da37364e55,030c8c238b6afd3ee2533e70a4ac1deb876c722c155beb707642825691595691,46.20427493238461,0.9820197865995824,46.26458753562965,0.9822108734549045,46.30293733613477,0.9816943821393161,46.374827227591794,0.9819351296558817,0.09866240375016133,0.11023969196214267,-0.00032540446026629866,-0.00027574379902284285,2.5111980549007056,2.467287687152626,True
Jockey_first5s_f01,Jockey,12,0.1,ca12f07510fd2c81399ebf94815d53fd497d4b16e2fa8dcd8398fc35669357b3,976a4fdee89e0a6a4ec91d7227e1ad26f76b956331b315029c04b7461038f580,536fe06a3b6c03ebba1270eca5dfa938524581d81872345c2758680372613545,d9cc87f09ddc1dc21cb13c5ea00e3c7e03d9db5ae03e97ff722baa115d8c8f2f,44.96191298985195,0.9888281158180496,44.93693269475532,0.9887789614579617,46.378984636581926,0.9881411801218635,46.385435900938894,0.988153835398031,1.4170716467299727,1.4485032061835739,-0.0006869356961861639,-0.0006251260599307029,1.6116628140026854,1.4840148190142384,True
Jockey_first5s_f03,Jockey,36,0.3,bdab4c900f182bc77f56924e362994ad5a3d0cc67001abdb6a931c3ff8498ea4,6ad83cbbfe8250f81196b868712a1c455be0804b82b204549502231dcfd2b95f,05886a362c4ce801736bef075250ed53916fe7ef3e2fb8e959dcc31660dc2a8f,2933c10398b32541d3e7c5b9ee4ad9b8f23d492ea6e4e94ea897a8904476e21a,44.6588911573957,0.9865802392569872,44.630583916353956,0.9865130137066922,45.979173620457985,0.9860592734802481,45.97968761519385,0.9860553655696659,1.3202824630622843,1.3491036988398974,-0.0005209657767391018,-0.0004576481370263119,1.3994259546930619,1.280265082472054,True
Jockey_first5s_f05,Jockey,60,0.5,161cb89cd6185e5f2fa44c2876fe1da18cc1793e6c508d6e324babf1a39e6495,30af50db4f1b49fe42d255cf10dea214f60a034bb2089a3d773b67b1e33aacc5,639aec4bb40ae4f13b9a18803125af5eb4d6a158262b1d0e6c45011a7ee42ebf,ced7ae3f1d6797394a7f8a0f288becf49cedb6a5212802e7038bab77b2765b89,44.72012272039363,0.9865600628768245,44.694946427238555,0.9864868338346148,46.04198004993247,0.9860454782526168,46.04443948715648,0.9860364930227764,1.3218573295388367,1.3494930599179256,-0.0005145846242077257,-0.00045034081183836783,1.518630370636358,1.4038361897364642,True
Jockey_first5s_f07,Jockey,84,0.7,daa00e83cc0afff14268b489f789d89a816df5537fd7a31c8201c81248c07fdc,6a587135fcd6ccfd17c04a02b4f010ab776430b1f883b96660152084b822a68e,6b900866282c9f40efa6ad7b55440d6243b57aba5a66dbde5dd77ba473b33ade,f984ad91d3c00d93292eae50b8a7bd8c9378f58fdd2487fa7ba47af6092ce980,45.49763505734993,0.9888485651370291,45.473532467496234,0.9887969476078349,46.7088186197929,0.9880706626169484,46.718882756011304,0.9880819132588281,1.2111835624429688,1.2453502885150698,-0.0007779025200806977,-0.0007150343490067712,1.4091882864703678,1.300319466995566,True
Jockey_first5s_f09,Jockey,108,0.9,25dccc7aafea0ff51e3b82f303e458db16a314246dbf9406e5ff8f0a8e0e6a6f,bf8b59f07714966cd039e7804d72170abb5ab4fd22c9df08fa6447276cd4f2b8,6a8935687d29612fcc52aff0cceb0040ff3d9c21e27272374fd5a1d7f6427b73,ca31908e53005f2d85f95cb5c4cf416d175f9795125023faff7eba3c5b3975cd,45.73556018460955,0.9890869460162798,45.70553287456542,0.9890400141906914,46.91550999718398,0.9882353532646805,46.922939506646976,0.9882476486197431,1.179949812574435,1.2174066320815555,-0.0008515927515992949,-0.0007923655709483057,1.5597124699462936,1.4647009217120464,True
Jockey_first5s_f10,Jockey,120,1.0,414d3b32df5115d6254f323bf50cfd4f57616270fcb758b1608b863c8f78a882,dfc7031917e1afb17ee78eb72dfbfc0ba4b545ef7584b39d508b3fe1e5124ecc,deb69bbbd2756b8f5eb092c5bea1ef2d871868af7acc64077781c846e8a0a495,f6b82688c4cab7dcbea5e9c4fe0cd9c99a3b02197f7607b1a267ba1112405519,43.922775659009275,0.975132979698351,43.90167643027135,0.9750432213001373,44.595773559601795,0.9749678450421692,44.5952651991002,0.974935408864677,0.6729979005925202,0.693588768828846,-0.0001651346561818423,-0.00010781243546031938,1.3394718597779929,1.2565222885311933,True
Jockey_first5s_f11,Jockey,132,1.1,7835c61205f044fa2a932b7bbce64b67a6daf00778c4a534ff615e7377b55728,3e33621f522babc2c3264f7df7f8b5c1de76d1f9ed6e468772daa37a8c8f85fc,43fb5be2f14865d03917f6c166bc92aed7f870db40d2f76b5b1d452d96633bed,32db9d2f9b637847dd73d1a4fbcd806d7b10c0895dde1ac73b17e4ef172d1420,47.081382526758645,0.9913749633075372,47.061735796488755,0.9913529807166734,47.88364736443014,0.9899282671708878,47.8975400259459,0.9899460018839717,0.802264837671494,0.8358042294571462,-0.0014466961366493836,-0.0014069788327016886,1.2755571157028665,1.2154506787453945,True
Jockey_first5s_f12,Jockey,144,1.2,c68e6c26341c014a2b8ea2974c1cfe69ee0d3c0a3b0398a39f87400f5f0245dd,2b9cf47b6a5a3e74473af9062a668fd709ce0f1d533da9c1d593aa7284817982,a424103b60a5676e65a1143d599f0ae4b4f8b2ccdea6d188de41dbf0de384209,791639ec74e57ab21ed02ad2b74b8a6883069b5eb16ada8da0ef40728dede317,44.46760784647843,0.9778692588301964,44.44929538783161,0.9777851077803066,45.08995328973727,0.9775946182220114,45.085940239530444,0.9775532088940985,0.6223454432588369,0.6366448516988328,-0.0002746406081849395,-0.00023189888620811505,1.2261659715933928,1.1660214796181227,True
Jockey_first5s_f13,Jockey,156,1.3,aafe0a81974992856d8510badb428fba2e2d5cbbdda50c54e2f38ac2c67e9367,c63d432b956cb253273a8c22c2180af077b4cbad96eee9e21772715513815ba0,f41fcc1bff55e036ee876c6831786a98225767392fc6318d14c0c9ac477b92dc,076946bb323d60900a23d0fb4fe4c1f5ce550b0517bc96eee8ddc38081228b6d,46.697779021158816,0.9901713660135908,46.6854496728785,0.9901485468128656,47.538219338395166,0.9889466132929314,47.560165704462456,0.9889745661457842,0.8404403172363502,0.8747160315839579,-0.0012247527206593611,-0.001173980667081409,1.2496094481827265,1.1868506252732156,True
Jockey_first5s_f14,Jockey,168,1.4,a2f02c5c862954e77d4b7a6eb3b9da7d093db37df0b98b3016e32a64ee1306ca,a2ef9172c21114f55b31c059cba6649241540c35126ee589295a133cfb273df1,abf06ff444facbcee6658562057f9324f4ae9da66ea68343551800299df20bcb,3e496ed4879d0ee7aeb4ac9e32e7f5de258af75648ac7cc01c6be515b006c8c5,44.68980240301322,0.9798643515862108,44.67392885945182,0.9797775442296676,45.30062131778162,0.9793877285992346,45.3037158886574,0.9793530974842755,0.6108189147684016,0.6297870292055805,-0.0004766229869761496,-0.00042444674539210414,1.2161576238837195,1.1589310491865983,True
Jockey_first5s_f15,Jockey,180,1.5,382166ba01306836e3608a98330afb575a1d0ba6aad7aaa1f7814afc59a5aba2,9763ae3ff56eddbe42155aebb0a4359be62ee3643c8288b2b013928f5f4a92a0,069739909ed77f0e032231c8dfad524a186e7d58d818fc4013462445c58c450c,5e10c17faf813f18c468bd852797d26f1ebc76b1f0bcaa05cd916fdee155e4ad,46.90923999205225,0.9912385109793193,46.88668877423395,0.9912136421602519,47.5840786750646,0.9896271130458681,47.604220141956276,0.989659804791119,0.6748386830123536,0.717531367722323,-0.0016113979334511086,-0.0015538373691328378,1.1816264763395365,1.1331479208299506,True
Jockey_first5s_f16,Jockey,192,1.6,46348062e267883cd0b7d3331d96a1b35698a195d8b3780097d55a9409451528,ae777c6d039663fef428949ed0a58a700eea0e9c1b08f2eeea52c3b037810ff9,773308b3ea48763d49dd46f47fd7b2c5fc380275393a5905e9a6b21ff89ae6f9,c55e420dc91e3ec0cf3604666ab9b6465b48e636ead48ae770b69500d91abf4e,42.85665188922881,0.9640946015292303,42.84533980232056,0.9639937185926183,43.187303839548086,0.9635670403459019,43.1879815706559,0.9635191104096701,0.33065195031927885,0.34264176833534066,-0.0005275611833284177,-0.0004746081829481996,1.418223181945919,1.3769769093861237,True
Jockey_first5s_f17,Jockey,204,1.7,41a12ef8195f0b67fd5bfb089fe2c87e5906d6ea33f7640f9aaf91d4865fbac8,0343a5cd3000222d6dd4294c45981810b94c378dfe3fa7907332a15d20902e01,94bba7de3c60e10f055f07f381ab192509d51627928d4f4a2e628268af454805,29a28f06d6e5f6b45e498d498814effc3f5cfcc12d768b87e0bcfc484e32e1bf,47.23704577784883,0.9923880998437469,47.222639727806595,0.9923648241692439,47.6296515193604,0.9902376476223645,47.65175872356771,0.9902663777118009,0.39260574151157357,0.42911899576111523,-0.0021504522213823263,-0.0020984464574429484,1.3861621953647036,1.358732943545869,True
Jockey_first5s_f18,Jockey,216,1.8,54cfdbd0c04b3a63da5a6a92f09587a71ff0e3cbb59d144cf8f4db680570a329,c6f7d5ba2501b9b8a39788a1488885ef236d96e11c72a39af457a6f4b02c02a4,cb568415486a239a9ba3cbc2b8e702a2958e1e585fa47cc7a5127733a8f2a4f1,800eb5204a6a2738d03157e0bb19ae2d4921e5fda333809bbba30a29672d6e9d,44.557188893269455,0.9791227366284112,44.54041179680627,0.9790580921291038,45.02732377483413,0.9779712306856982,45.0306853174667,0.9779540649904699,0.4701348815646753,0.4902735206604305,-0.0011515059427129604,-0.0011040271386338896,1.125664499156935,1.1072533107865485,True
Jockey_first5s_f19,Jockey,228,1.9,b0c44735ad6049783fea9eb1a5703e4210f846d4d5ddea28b45d06c759abd6e3,eaffb79a2a04a7b13546f17b66a0904845f1186c32d93256298a73abb4b28391,04fcba0125048a464be7d3e308bef339b751784b176193d69329e2aa2066aa10,a7c107deb5419b514984646352f951c2c76c5545ae6632ecd5f97114b9fdf02b,47.14850246191058,0.991924995118778,47.123376853348056,0.99190041754363,47.879938206715345,0.9903357817691528,47.8964683596227,0.990360597453433,0.731435744804763,0.7730915062746462,-0.0015892133496251404,-0.0015398200901970416,1.1410634865031537,1.1140704037344658,True
Jockey_first5s_f20,Jockey,240,2.0,18db4bde3d0de7616db6db47ff8fc5292fed17f29c8b1c42d655379c08156bd2,974a826b4f4522d9d5fd8564684185611551dfc1e14f7f020d8c585678ff2aa9,bb524e8b515988cd525a34a35a434a63cedf6322cdfcbb4762b9827a80c8a1b7,4e4b87eef173c02d52d8419773fb2417711b97d7f1b0b6e6926164763e852834,45.06890590224302,0.9803313302479915,45.04928147566312,0.9802700117685375,45.55414080639338,0.9795523761189587,45.559450493750795,0.9795427173137692,0.4852349041503601,0.510169018087673,-0.0007789541290327273,-0.000727294454768268,1.1146979456145008,1.0887173458674202,True
Jockey_first5s_f21,Jockey,252,2.1,47c98b36cc17743a994fd9bd302e97521d7b849514d784e5d1a2efc5bd0658df,9ac2d4040340713b6fa1cc23776aaebe6a3695248a4155044f23cb88ac250df5,4c8979ef824b7f4e2669c5ba5964dd96754ce2b0c10d71e749de527239837bd6,5e39375ecc9875c7572bff30cee16c4ffe5d40d07493af5a85f846678ae1995e,45.74533192683214,0.9902451212387845,45.71533335492198,0.9902106644762604,47.05497813590658,0.9893428245565155,47.057528221617716,0.9893535728816106,1.3096462090744438,1.3421948666957348,-0.0009022966822690437,-0.0008570915946497504,1.1570446424389558,1.1214714948401299,True
Jockey_first5s_f23,Jockey,276,2.3,45619c1238bf25b2c576991775b816b421a66c52f50cad7141c4226431ae9d87,bfbda5ab33e489194e0ad16e96c7f1e88a600b6f374184e68045f4ea38b257ab,18bde3be9723c99b358b7410567a17cd7a914eb17c0305e8ef74ee2e3480554e,28b04be43f233b994cce03ab75ed9b3e96efd46aa4a5dbd740647aac654bb4a0,46.16378974134847,0.9912710314141299,46.12851044100979,0.991228648444825,47.54768664609309,0.9906725956871921,47.548658320436815,0.9906882581226022,1.3838969047446241,1.4201478794270272,-0.0005984357269377405,-0.0005403903222227502,1.166198215902704,1.1212834152329358,True
Jockey_first5s_f25,Jockey,300,2.5,5dc00c9ed644c889ecef3b1481f1c13bc9818228b8d9e3205888dbc51adf562b,f8a32384db5cd0564700df98462024ec038424617133a7eaaa7b804a50d3d966,d1d2b9905a9752137e4a65f621d5697b5eb3d00b14c4bb126d76f30f0341a8de,6885973c31430b8641690563ecb68ac75038ae378f2cc2a2a1bee97a62a8ac40,44.44588972692773,0.9896337200075713,44.409127762725916,0.9895742097010735,46.11497085734641,0.9889181438673628,46.10220527600984,0.988905621417459,1.6690811304186752,1.6930775132839244,-0.0007155761402085625,-0.0006685882836144907,1.6165671544214075,1.5419554131799162,True
Jockey_first5s_f27,Jockey,324,2.7,9598d6fe92d657d848cb4411bba627d40508dea5666af43469a9cf92d0a3f31f,a0dce72ea71865d8649d23591229e451df65e0c8544e16f6fa44df07ba3dbde6,325eb8993e21e16b606ae4bc53c193e5185d0cf5ec4af87e6636aaf2f415a296,6bdf635774795e60fab7796e58fc2cdcbd6062c4e70ac60c63fa820e2333e0cd,45.891258536038606,0.9910512246973285,45.8561398379201,0.9910099992961495,46.9120367047726,0.9900400492580436,46.89981745009042,0.9900350723348985,1.0207781687339974,1.0436776121703204,-0.0010111754392849726,-0.0009749269612510103,1.2551542594298382,1.214896441563105,True
Jockey_first5s_f28,Jockey,336,2.8,5aac5e0a2b68c5471341cb5a85386f6ea5bd7cfb69d8c089cb1b589c8743ffc3,c23dfa721cf4287155ff11cd0a7ddd7946901d1858c3f9f08280f49c9ea7efad,e1f9627aa5d4dd85a2767ec93fe0c0b8208a8de5a3f037162d1a48f4e6f85661,55423dc6418f9958de196b97049cd775b6b4f9c4d20f6d010e4bb565ce887f79,45.58786255751467,0.9818132094206751,45.572878054194675,0.9817549345435034,45.94031455435827,0.981262300821663,45.94051644041504,0.9812367066745723,0.3524519968435982,0.3676383862203636,-0.0005509085990120788,-0.000518227868931076,1.078189888684194,1.084616307843627,True
Jockey_first5s_f29,Jockey,348,2.9,49bd17bf65ba6e419f2d39da0e34272fac6aa8a34dfe7e53c9e80486d890b107,eb90991745a571d0b8ec475b9b20626854a6597826db52610ad2ec39351e4ac2,6a17f5c317033ff1963de5a47c60ec4d065ab20d0065f74d1e60ae3ae69eb096,567ff6df7dbf9f17a509be3f526f395dfe35beacbf192e42511220bafa78c630,48.94306756922899,0.9927226396686074,48.92904689740904,0.9927052386110216,49.05207803443048,0.9915373828390713,49.05916361060938,0.9915462053574451,0.10901046520149293,0.13011671320034424,-0.0011852568295360744,-0.0011590332535764691,1.014251238251733,1.0391244613751327,True
Jockey_first5s_f30,Jockey,360,3.0,061e8af50b12b3d6db68e1058c2dd7a62e7afde1148371d1e4544e9ce93c6378,1a6e85ca6f9da15e19696c8212391dfde1a61e522c763f4cb3f03c132442092f,7917b249dd37218c03b0766ed65a66c952aea83afba866018f4a41ade1389053,c37af6da015b41401befd9e122aeae928042debc346cc64091904714362b29af,45.759916230286265,0.97948379253364,45.74901876302788,0.979430219321046,45.9587340984246,0.9791324925394209,45.960332942118136,0.9791036554720908,0.19881786813833457,0.21131417909025885,-0.00035129999421912306,-0.0003265638489552414,1.0485317349575345,1.0698179067398363,True
Jockey_first5s_f31,Jockey,372,3.1,e775040f3c6d9504f829cc9b5765e3106052516d9d15d41b39131119d8da8fdb,74c14cab6224b9492f73cfc1bbd1c606a5fcab38765d9642a588a3b7d5057f7b,9e229354aadbbfea358e5f09146dd682737c208e1763a488804b1b3bce4bbd37,d339836ba385dab7f16800e21f750ea57a7dbd92b6b692aea9384dac61c6c392,50.10336980677934,0.9931649664813343,50.121184921857136,0.9931667328407963,49.65493020359166,0.9917773646470062,49.67685948510352,0.9917896320066267,-0.44843960318767984,-0.4443254367536156,-0.0013876018343281782,-0.0013771008341695312,1.0181821264363329,1.0457250554237183,True
Jockey_first5s_f33,Jockey,396,3.3,85bdcd97b28b9732d734c858ebf6479ff0a8c84e5aa0ccfdefb7bc3558bf7602,5232baa4e8e68b35742706e7355ed640c17f74dcf4cc8688a23515bb65a451a8,fc71f55cf5caaa4176ce55d917de8377bf5c8a82d4d076b1764ec8039bca28e2,25e2f20e5e5112ac48f0bd1668fde3524258fad27211ad14a5bb8461264d40c3,51.02502227631948,0.994078901161141,51.00639566357252,0.9940645874145997,50.08691020666953,0.9921998187809983,50.0907390732936,0.9922056450711925,-0.9381120696499536,-0.9156565902789211,-0.0018790823801426715,-0.0018589423434072216,1.3937953976846937,1.4122995281177793,True
Jockey_first5s_f34,Jockey,408,3.4,658eecb9d6fbb9b5d4f249172df5c765ee38c9aa06d55e3c3730ac6c58032c88,25c6849f88127f05be6603d5d74967765653d2f76ccc977690b1c8b915fbaaab,d6346caf2acaac5b7a102f5743a8cfe60c5686ba08566563d44fd88c6ae39a28,dd02de7536be5eb41766eed66cb83e0fb38995638ce0e70b328d89c0e570d6aa,46.176359784332845,0.978957658538193,46.17437439984903,0.9789465908692939,46.069907172337494,0.9781676946084232,46.07594197960254,0.9781769274498763,-0.10645261199535128,-0.09843242024648902,-0.0007899639297698213,-0.0007696634194176433,0.9858417038109661,1.0303970553222381,True
Jockey_first5s_f35,Jockey,420,3.5,02cfe8325116d9cd507686fdc9068a90fd1edcb898657b6fce316e7a17427820,1c8df9dfad51dd6d044bbfbc37031f6bac8dbabf71045b3a27fc99759408814a,fcdc9d2bc89fd78a148c77d261f00207b2c0bf94108575268aaac3d2a6807211,672a969f81d4a128ea89e97bc892c8d7c3264b97db3d21bda174a2a3d5523532,51.1402470407831,0.994229109293852,51.12378364981015,0.9942185754339116,50.137665739980704,0.992218460421344,50.143312472354836,0.9922243689035953,-1.0025813008023974,-0.9804711774553141,-0.002010648872508014,-0.0019942065303162337,0.9814362256447886,1.0273871717510772,True
Jockey_first5s_f36,Jockey,432,3.6,6b782fa1ecd1aecba883aa37a7bb0525f9d26013f70bf460ff0c6927b3090905,2cbe9cef9b1bfad878d136911b5e2dbc175fe7436871858bdb97bacdb975a914,fa6c8cc58c29d06df16d0dbbb182525b1ad2d129571de4645ce39f90d330e16f,a701d25fb95d7e45c7ad46d1ca85f9d97123abe3b1e2d2bb24c5a6910cf2b546,45.87835349519399,0.9773698369747195,45.87694437515994,0.9773583442851468,45.78878370686357,0.9765866587753753,45.79310744081073,0.9765896527471082,-0.08956978833042228,-0.08383693434920758,-0.0007831781993441478,-0.0007686915380386017,1.0083635659308061,1.0536226913289202,True
Jockey_first5s_f37,Jockey,444,3.7,b0cb23e4612bdcd1619d2368953fe2eed88e356a8aeacfa4801a8bb0564675f5,062cd1096e810cc9e644afcb5a08e623806dd072e64617b7eae48759133a1954,01e1e6c2a71334ca3e2be5394d71c3f1951cbe0e0c1f5b2734e69e9e267c6f0a,90f9e8c38686c8ac99042e0409e40f690ab8434e119d9a402fa5b281817de891,51.02286232403544,0.9942658530153534,51.009288861561174,0.994255013879207,50.08742203418953,0.9923102387423293,50.09429327820514,0.9923170098764544,-0.9354402898459071,-0.9149955833560313,-0.0019556142730241532,-0.0019380040027525691,1.0104493956082559,1.054686524230313,True
Jockey_first5s_f38,Jockey,456,3.8,ea9317efc6e24b8adeb3f73b82a740ee02b7ea2b7e8ff562a80c96a5ac3a2d6d,269c12410025dbdd039466dc12b17366fb0657b69d43d5e80960a9e4c503cd47,4d87873ba9bbd6b3c440d1b499eea7c9dec680b4af6b9db89b4fbb577b7fe0d3,fb80af972f116e7caff3cfceb0c178e699a926e49cecade2447afc1408cb34ba,46.15053044046939,0.979038414253053,46.147346590138994,0.9790319417983084,46.064670988105036,0.978276720033754,46.068923262292074,0.9782858320042566,-0.08585945236435322,-0.07842332784692019,-0.0007616942192990583,-0.0007461097940518746,0.980399226409792,1.0250743536501592,True
Jockey_first5s_f39,Jockey,468,3.9,078e8bc4597255e36dcb4f20445d8bf5d321bbfb8348e72a3a564f4acd872220,143bf707ff158c3a803ead4fb8965297d6ba2d5133d83f893d06fa4df524b81e,91dafd8b4cfb9a97ce1206d596d22777f0a4ebd006758829b7b8e01ebbcd27a0,4a004f81fe4491694197ba2f02bf74e7553a93279c8ef597669bd5b8814cfbc0,51.03543752748952,0.9942846411341191,51.01473321483699,0.9942670432688421,50.145977826324575,0.992390284300803,50.14646676555839,0.9923885190994143,-0.8894597011649452,-0.8682664492786003,-0.0018943568333160687,-0.0018785241694277977,0.9771662574939112,1.019906799358334,True
Jockey_first5s_f40,Jockey,480,4.0,6a4f5e3d42bd1f21f5cbd6e93249f7c35e7e71ff07c43e184faf647e94a9299d,464089931bc6a74bc5f39281d81b1f84934e481f16c73119516a47850ab161f6,c90afeb064d5580487d58e1cc0769d0197caf342061e111b80943bfc3f4ea377,e999a4d35685cf3bd32c54638b1c9f44b9c1da6d2d7be9fe5b9fa6bdc7064233,43.060821363403804,0.9553875298448569,43.06037164774808,0.9553839924524932,43.075523282199256,0.9552834230577876,43.07881969365155,0.955294969182701,0.014701918795452684,0.01844804590347593,-0.00010410678706929133,-8.902326979220998e-05,1.3429315731749203,1.368083866428839,True
Jockey_first5s_f41,Jockey,492,4.1,3e047d2276e7a4dd2c77b9f74170fe7feb1e85c4471021d58b8617943e194e94,bccda3f7557f8f2d2c487d80d2ce29a44c70227d922fb8804bc30071d0bb758b,d0e92d0c7ea540cd28ea6cf513cf6a2847e623d1cdea541d5996c7f0990c0c23,b690f6564fea69d3262a614b89dafaf16723cc4c9c95802e22520659e373cdae,50.780293339708706,0.9940589911086157,50.78372163753774,0.994058112023179,49.99452677122186,0.9922060331868429,50.010038130595014,0.9922155859866212,-0.7857665684868493,-0.7736835069427244,-0.0018529579217728687,-0.0018425260365577678,1.348872181001374,1.3732458100449634,True
Jockey_first5s_f42,Jockey,504,4.2,f198300074bd45fdc0af7b31062e560bd88a4b9f13f2d1485628fc269de3dea4,eaec3d39577f27361e9a7abf09793cee7786f871a5118a2f77ac5a6f2902fd88,56d13f53cd7b5b8b41ae879f600a2872ce346aeb6a8710d0047f767e9789f6a9,eacd2610c7341bdbdc6150283ad06194812e099e893485ae87a480ac871ae833,45.239398227530074,0.9768397964331198,45.41485827799026,0.9769200710095146,45.362118908419674,0.9764255658245184,45.51737453099176,0.9765165039744083,0.12272068088959998,0.1025162530014967,-0.0004142306086013514,-0.00040356703510635583,1.041064779397989,1.069821809818585,True
Jockey_first5s_f43,Jockey,516,4.3,8d47843b5e9d474f701199b88b1e7e839cbac4b4dbcebbbae2b2946168b846be,a7a51329c5f0cb8207695fd83bee69cab54c5906cdc7c3f03d369ceffdd79b7d,3f6e69b2a55c907d6c5788c0d2e806978ba8c9c96922e4523684df92839ccdc5,06dd85ce7b0e979460a48586c38f069c2be08ebdf41a0712fd500f4a32eb18a7,48.69914214755738,0.9932200870457252,48.69328905082436,0.9932050587615782,48.8455351731751,0.991702953549893,48.85467372340418,0.991707232231402,0.14639302561771927,0.16138467257982114,-0.001517133495832157,-0.0014978265301761606,1.0758142554096672,1.0954268602073316,True
Jockey_first5s_f44,Jockey,528,4.4,adeb54d302cea163c6d67a6e9c7f3a7a7c893cb61311547787ba239351d05d1d,71d4725634c07214d7a3146d8d90d51671b8a4eaeababcdfbf29bb67890bcb29,5a66905f320eddbec141bd659bc2a458f7b5e419e8bcf63d99b43033305d0131,87383480132bb59ab9880d504111cc31b083537cf5fb1fefa8afda8d1025b632,44.97280585556835,0.9775642648170322,44.98650346049959,0.9775770984529467,45.33362836300209,0.9771758262396498,45.34594917121731,0.9771987345565071,0.36082250743373834,0.359445710717722,-0.0003884385773823551,-0.0003783638964396374,1.0821573682320615,1.0953239165053394,True
Jockey_first5s_f45,Jockey,540,4.5,5edd18df6a35308356a09121322e3ade25e0dc170b374c17c7442dd8748dc532,33d8751f8a6566377404253a09fa618de37d6662cc9cfbeaf627c2689b14522a,e5246fb6ec84c6965ee5aa083350b348ad2df8ec26f0bcf20f9d026aae335193,cdcf20f13dbc3949b72d09a6ee5a43bee774c7c4376036c8931146a68873bf09,47.61186077762442,0.9920003884347867,47.76989679274201,0.9919966788881234,48.112412942346346,0.9906225033720144,48.220902818440706,0.9906412525873219,0.500552164721924,0.4510060256986961,-0.001377885062772255,-0.0013554263008014322,1.1214001416817585,1.1258251352416786,True
Jockey_first5s_f46,Jockey,552,4.6,74a0cd74aeaa8021e64b490dcd955a8afc94c8b2da4dc3156dcd67b2a7f76171,f2c74da6ef5ea607c92900f71b24de642faf64883d30c7a804ad00ce99a7fe21,4d95e2a73b50acbf8b3080dcb9839fa3f7010ec2e96aa48129a61f2d92217104,aa6caaa0a5d7c7ca465c5e62820dee8c6551bb3f924826a3a2f248269f8a163b,44.39793014894092,0.9772849307140936,44.38878852425699,0.9772481232498358,44.92829743151832,0.976976771345025,44.92663524240008,0.97695881297924,0.5303672825773944,0.5378467181430935,-0.00030815936906858354,-0.0002893102705957551,1.1476371249141322,1.1440815421454442,True
Jockey_first5s_f47,Jockey,564,4.7,488cd7c1fb80e466ea1e4f4dc8d33e070e51cfef0afb251afcd9500369acac4f,3ceae9065bfcb47510af3c685e1f591efb2477b5b49fa62b448d8ab958726fea,601ab7527819688ce3e9401697c0c4c1447ac5dcbdcf7aeeca910f96f1d65d9b,17e0a75db5a15a9edd19edffcb2eec3758c4f5d54d62571c35f61a4592d4d75b,46.4265222220955,0.991750676391197,46.48067053321612,0.9917400105890634,47.22208263398704,0.9902911838556732,47.27163385126111,0.990300747615827,0.7955604118915431,0.7909633180449873,-0.0014594925355237987,-0.001439262973236377,1.175517914155686,1.1655665270014988,True
Jockey_first5s_f49,Jockey,588,4.9,dfc2447ad7fc51e3568e19ef5eaebf3c6112643079bb4623a85f1755a0689804,c4ca1da1984d0748dc9154bfc9ec06a78d1a7c7a0a79a908a90fbefdde3034af,f73a372fcdbecdc0774ca930faf811799a1dd4858188e96f177d6888f8c61dfb,ce6df75feec49989be011da6dcdfaac84a0428dbb89f12d3d7681a3237915a03,48.85839889766322,0.9927148625150897,48.85087183604463,0.992702089415361,49.134780313880945,0.9915605868172099,49.14661648954045,0.9915674172628838,0.27638141621772405,0.2957446534958166,-0.0011542756978797364,-0.0011346721524772008,1.454038320427153,1.4254409503216137,True
