sample_id,sequence,decoded_frame_index,timestamp_s_from_dataset_fps,hr_y_sha256,lr_y_sha256,bicubic_y_sha256,hybrid_y_sha256,bicubic_psnr_db_full,bicubic_ssim_full,bicubic_psnr_db_shave8,bicubic_ssim_shave8,hybrid_psnr_db_full,hybrid_ssim_full,hybrid_psnr_db_shave8,hybrid_ssim_shave8,hybrid_gain_vs_bicubic_db_full,hybrid_gain_vs_bicubic_db_shave8,hybrid_ssim_delta_vs_bicubic_full,hybrid_ssim_delta_vs_bicubic_shave8
CityAlley_still_00,CityAlley,350,7.0,6df0e061fe1e5f9dbb619e0df9030818cba566050378bf2fd0ca008f9fedf426,0aec4d5c98b9164f9ca258f70df73bb465d6afaa5baa9e3225467a4bba69e426,01a4f4aad13b6a8cfefd2f8cd0876f290f9aab1e391cc47d1004c2aa0f39dce0,040f0237a00e71a7ee38be82a7fc50877b4797e15fa5ae2c9df629cba72bd56f,33.845210569258136,0.8834302019033564,33.833399639559545,0.8832389837133492,34.59894826226304,0.8887604428159247,34.59037153192875,0.8886550405994136,0.7537376930049078,0.7569718923692079,0.005330240912568285,0.005416056886064391
CityAlley_still_01,CityAlley,360,7.2,5014027b1755a13fd5b839fa8ecf879164f3fd77ec8e7b8afc41b27f46c3a0a0,674db7876f9fa39c6593b997932eda79b8d8cc509ef8b23f8d1fee41c89d5853,d6bc1263cb939c3bb7cc13c9707cf1477b3e4c5a6a745426ddbecf291481cc02,f6a176573d68b58f63b6337f0fe64bc2469400aae0fac13e9780f572fefde7d4,33.83081416764121,0.8835139574988674,33.82096463918969,0.8833244922047525,34.58564150326594,0.8888253694859565,34.57822844344292,0.8887135362839153,0.7548273356247321,0.7572638042532276,0.005311411987089065,0.005389044079162741
CityAlley_still_02,CityAlley,370,7.4,fe6777632aaf4083e538710b9c0e94cf351750c558301db850f46feaba032120,dbd73f43718964dab73651fbd287159ad3660161dad560a1b699b60a21aed4ee,8ee1a9dcb8a5ec538f0b8a94fa8be565d9a57b8b22da231745875fdbc48a1dce,69506f7c41970275e0d2b63beeba7c017c46d4aa018c6630da2bcf9587bb7b4f,33.811938741620466,0.8835322571427411,33.79980650085795,0.8833535045733009,34.572056888190666,0.8888402217170777,34.561618432535475,0.8887344327972062,0.7601181465701998,0.7618119316775278,0.005307964574336577,0.005380928223905346
CityAlley_still_03,CityAlley,380,7.6,94224d2b8ef70850f198dd2a32342e755127d3b76adc415c1c8eb73088644df1,a6c8022dc0f966fdc70435e2dce6b3791c326848e767cc05727553e207e022d0,5efd534201b01d0ad9fe910cd7b41f98115120c2b10846dbbc6b7f061283fb4a,b507a3d820d2e462b28a1b6e18e3b57607636ff6270d51e96575f4d106e541d2,33.79845050805858,0.8836449436392909,33.789107940748316,0.8834607972113105,34.55977837675367,0.8889982160424126,34.552118163825384,0.8888913491512652,0.7613278686950906,0.7630102230770675,0.005353272403121667,0.005430551939954675
FlowerFocus_still_00,FlowerFocus,350,7.0,554ebc9a99e36aafbd570549687e4dc45121f0e91f43c0143706ab0a3f0f4eb8,5fef61cdbe7c27674346108329d32ff70bb325ea619293d8869121f8b07af16c,57f21d1ec65e9775e9c49f2243b63864ff4c12c3c4625c090a52b340c7201fd9,96e11a4f5bbac8fbe1a3d2dd5313cec1af0ed2214041f7ec3e824f3c438469bf,39.33802919477905,0.8997987870582772,39.3390999831741,0.8998861234600465,39.38277190088542,0.9001600536515045,39.386085112459384,0.9002630827167544,0.04474270610637632,0.04698512928528231,0.00036126659322732735,0.0003769592567078872
FlowerFocus_still_01,FlowerFocus,360,7.2,7bd55f4756ea2abf28d1de7ce181b6e5c302423947034f2f83c2c7cf8970ce81,50b2afe8c10a3189d9c83fd848322714dfde1bc88dbcd462394decef01122ae7,f484ac5a71bb38a21e4c75e202d251391f9e82b7bfc01924dce230f2da530ac8,ddb399db0a768a4ced1e3bce111798368f35ce1d45e676a9960ab84929a6ead7,39.300748169096764,0.89966540891218,39.301682650618126,0.8997423568777413,39.34798164429149,0.8999793430895988,39.35114499904489,0.9000696202186477,0.047233475194722985,0.04946234842676489,0.00031393417741876206,0.00032726334090638076
FlowerFocus_still_02,FlowerFocus,370,7.4,72c65479665d60ff2f5a74adcac1c40f6fe46904500529f3f2eccf841073a2e6,6d0a6e804a6bcc633e322465f0ac1c9fd00496c226a6ca734f614e0ded25f769,7d197fe7ea52f6f8074550afc1b5b8aaf4a68b51d65e69202b854f860abbd3b6,68384564b7dfae03c632209ca9684a91f9e418e49845d8c8516a0653e90a1445,39.34512787440933,0.9001745587743317,39.34636406422357,0.9002771876611162,39.385135382013885,0.9004278701950627,39.38881197292553,0.9005455490445206,0.040007507604556736,0.042447908701959136,0.0002533114207309284,0.00026836138340435856
FlowerFocus_still_03,FlowerFocus,380,7.6,5129db7dcbca201edaece6fdd155a9d4155514ea4d81518fe7777f96ae2650ee,34813d870de92a39f7e97ce874e0f806205ca675a8cf94af592dea49a377564c,7e883134677fa5ab0c6d22e41f0306dd7f66c16936ff9faad0084108095c1bf8,e937336e35ed4b94b20726d0ddbbc23053cd4f81146780a08a0fa588e468262b,39.45828433570351,0.9014428908287044,39.460475763420476,0.9015446767508546,39.48022626893605,0.9014356586942518,39.48442072370171,0.9015478067280026,0.021941933232540123,0.023944960281234273,-7.232134452639372e-06,3.129977148019769e-06
FlowerKids_still_00,FlowerKids,350,7.0,ec82137bc2b0ff5afc523d64ca3f546716af7e6a298eb71915cce5b83cdc971c,f3e10cd510896df2f90e5740b4b7c7908e6cb6a5fdffd8ae6f7b99e5a5a3b38e,31f99fa4a83519c49701607647387946821b303fd7d25ec67304247a4f1ee4a2,923cdd7c88c07ffd370356bab6deb02c127a6d911e25b7c9d064d803afd92a9d,36.84857449350783,0.9280467445782444,36.843275558219915,0.9279135122639447,38.24172581620309,0.9327402096776787,38.23972395278963,0.9326528055065748,1.3931513226952603,1.3964483945697168,0.004693465099434246,0.004739293242630116
FlowerKids_still_01,FlowerKids,360,7.2,816ff4b5b86912c97f7552a262448f3e3e1b84153e42d4b909142a2b5f3fe0a8,6c488ee171c7abd18c3a1ac4645cc0329e929d225c8797bcd7f58fea8b590e98,0637d70bc36dcc82f200129ef0fe21a0cbde1974055363c906cafb64a83a05d0,94f7193fc513b56bce495573f95058c0391c326c1435f65a7929ff152b87fb30,35.41831083271192,0.9195901919795703,35.4100645377877,0.9193701984614238,36.89315929648414,0.9263331661966463,36.88471748425623,0.9261713010295386,1.4748484637722257,1.474652946468531,0.0067429742170760365,0.006801102568114836
FlowerKids_still_02,FlowerKids,370,7.4,9f9db3414c5771be4e9955e53ec94f650897a561db2ebdbee76f1904adcd0b74,74eafca6869b2547c520a786d433f9a238e1e067adf02dd39c193df32f2224f2,727195739060c9340d9eb21405d549415bbe6e987e9f9a06fd066c61e777eb62,cb70c15970b90272a2f9ba8349a9fbb3b5bc0cf5fe3151197bd98e12283b42d0,35.0278401600197,0.9181015991227438,35.01402061723398,0.917845022358035,36.41169431299002,0.9247755828170907,36.39822090706347,0.924578371506185,1.383854152970322,1.3842002898294865,0.006673983694346908,0.006733349148150047
FlowerKids_still_03,FlowerKids,380,7.6,e99b4597495768aa7319f1c1d04ffd77c0c2c347ae5cebfe144711c981e3922e,c5f484ffb5204d52130fb7beef8047c0288fc2292abbe18b5d103fde1d2fa641,f83aaa70ace684faf248889ffddeae531173cdba83a6a3707836fc6db05b7ed3,ab882ff2d54bda6156721bdb90f5569997ae9c742fceb7e6e89c0b4b0a02e7a6,36.63959670101326,0.9286234885013975,36.63437254075884,0.9284547155528537,38.05003184655918,0.9333358523189983,38.04803534842946,0.9332162577050328,1.410435145545918,1.4136628076706188,0.004712363817600762,0.004761542152179055
FlowerPan_still_00,FlowerPan,350,7.0,7af33985658d9e4a4e3d418fdd889f9ecb43ea3888cde2ceb2c888386440fe7c,b4612c411b71f6fbd53b13bd1bac5bb13d2207784e003599771fd03d861f9976,836e345b1704da09e0482da2c902f334a53fa6dc5d55d17999fdc4020a44ecb3,9a5dec047872c396695390ffb68ecec459f9ed18d8e3f054bf3b3d78ff8c6486,34.51799540118427,0.8713061579446217,34.514895305605094,0.8714175030092464,35.71466427022467,0.8843040812879973,35.71488515653578,0.8844204374088954,1.1966688690403942,1.1999898509306846,0.012997923343375573,0.013002934399649058
FlowerPan_still_01,FlowerPan,360,7.2,a0ef9b3660bec6cdc1977e2d1dc0fdaea20a59306391a9adcde8f9ffb0f02eb0,0cea044222147762d8dd8e251356aa81aa535f5628c336672a312902d2cdfa5e,59eb972b8fed80acef2a0ae2643b799c632cb8decd271de918c172e662073c51,d7ca4d2a63307451232d7e1568eb1375c1591c493fb0f99b49ba3252a94f71ef,34.50584889495593,0.8712177983662532,34.50289304431549,0.8713424940512341,35.70622620720569,0.8843535490333791,35.70659025450412,0.8844892662357009,1.2003773122497563,1.2036972101886292,0.013135750667125912,0.013146772184466804
FlowerPan_still_02,FlowerPan,370,7.4,462b84adf794bbab6500abc876566b887780cc7ad8f4b384e1c8bfa8cbc51544,0885fed90c7ea4e7bd1d4468ec66e3b7fcaf88733e9544da50fba7770e7e6237,b1209b6fa7e3c26ab6c420788636be116dd74d813c184b4a20fbfe987e6b55dd,df0243ff5713b109a2363d0a615fb6a7e91e66225b332c278a3aa276e76b4483,34.504177474833284,0.8711475000893447,34.50031457378295,0.871263660800595,35.70271595640008,0.8842236399914286,35.70222652238388,0.8843466896370703,1.1985384815667928,1.2019119486009302,0.013076139902083894,0.013083028836475274
FlowerPan_still_03,FlowerPan,380,7.6,977a39ee686dc9c36e86437f8a7e3cabead74e50a8ffc8f4be0f5605ca4589f5,d82f74b573daf58b8e097db1b4ab78b10c9e00e03eeb896aa1f493a6632244fd,137071d0413f444b242919691880c85d636ab39a56ea6920cebd58530fe5ac0b,40420dbeca58fadb9b0f904a0eee80150ac595abf14582a9859866f3b2301552,34.498549332184716,0.8711664066997693,34.49513795683084,0.8712735275361639,35.69972020879205,0.8842984051318526,35.69942044311455,0.8844214798437025,1.2011708766073355,1.2042824862837094,0.013131998432083347,0.013147952307538513
ShakeNDry_still_00,ShakeNDry,60,0.5,3b1f02c1b33ccbac9aa4597eddc2d8f5590d2065091438801ab54d63bbada595,a673d76520f6807a5ee3c5642b0000787b889e3bff76887a0f78874ebac14308,1c2d7be7d597b8d0034a626b3f4a57004338fa32c91eb10dbbe0f3e0da86e44f,127f8f50fa0fcdf07cda65e194b605178e7b506fea831ea02fcddbf793868d7b,43.37204999175015,0.9818828995616018,43.43913893006625,0.9819813673454867,46.40461215262338,0.9882145927771553,46.49452866971057,0.9882963495376258,3.0325621608732263,3.055389739644319,0.006331693215553491,0.006314982192139107
ShakeNDry_still_01,ShakeNDry,70,0.5833333333333334,4fb43a985e96f3caabcc0fe5880f56ffc64962a7426dd6b796bc81b4be5cc86b,acb549d62788bb8524a1b1267b79a1ab9771a8f7cfb1c805e76a9e43f4043c49,60f9b7b9a59751bae45d9242df0c3ff5938c209ae35d447e12e3556759ff14f6,59b2d7fdbc19021878a705796fd43c40004c7f02e1ddb8de9323eded70f7bfee,43.461805394365015,0.9820454790021823,43.533196071523754,0.9821678510600451,46.32093668684561,0.9879575343923512,46.41230508820619,0.9880563458531475,2.8591312924805976,2.8791090166824347,0.005912055390168924,0.0058884947931023834
ShakeNDry_still_02,ShakeNDry,80,0.6666666666666666,ab04db55c2660be51ea369034ae3964d04904463e3b2423d9a56c1921630ab28,cafc18579f3ab5b327fd0df74f48d22e5bdd9398ead8ec53a7d257f5c77daefc,a8017675fec46c300618c024274aea7a8d7d3d50d03f1f07c6c8cf6f1977b5b1,868eec3378e80d7bb18652c014d087f92dbe7167f3b5af0b3939422b73453f3c,43.06827365556366,0.9800487303666952,43.1370172771172,0.9801534974484086,45.93444431454139,0.9867915848785477,46.026684636682745,0.9868792160237818,2.8661706589777296,2.889667359565543,0.006742854511852525,0.006725718575373185
ShakeNDry_still_03,ShakeNDry,90,0.75,3d1c7fd0a2b4908bd45a13332039b28acf6d0ce574f4d415579e53013591d6c3,cc62f97071d74c0369285e5a7dbcb78c897580b7ac5b19294a014e6f37228b01,8b779b2a64335fb784a2f1aca830af500e0e6065acd96ddb7e50e69cad715b51,8b40a11cf4ad81d178796ca90830ab4b5389af3fbb9b3c164eaff4f7f9ae98a5,43.77155527684815,0.9829117228746783,43.85556671716892,0.9830261751635725,46.60821221052097,0.988433999373861,46.71760398710724,0.9885214179556986,2.8366569336728205,2.8620372699383196,0.005522276499182688,0.005495242792126098
