clip_id,sequence,source_start_frame,source_end_frame,source_start_seconds,nominal_duration_seconds,sampled_span_seconds,frames,sample_fps,mean_bicubic_psnr_db_full,bicubic_mean_psnr_db_full,min_bicubic_psnr_db_full,mean_bicubic_ssim_full,bicubic_mean_ssim_full,mean_bicubic_psnr_db_shave8,bicubic_mean_psnr_db_shave8,min_bicubic_psnr_db_shave8,mean_bicubic_ssim_shave8,bicubic_mean_ssim_shave8,bicubic_temporal_difference_mae_u8,mean_hybrid_psnr_db_full,hybrid_mean_psnr_db_full,min_hybrid_psnr_db_full,mean_hybrid_ssim_full,hybrid_mean_ssim_full,mean_hybrid_psnr_db_shave8,hybrid_mean_psnr_db_shave8,min_hybrid_psnr_db_shave8,mean_hybrid_ssim_shave8,hybrid_mean_ssim_shave8,hybrid_temporal_difference_mae_u8,mean_hybrid_gain_vs_bicubic_db_full,mean_hybrid_ssim_delta_vs_bicubic_full,hybrid_gain_mean_psnr_db_full,negative_psnr_gain_frames_full,negative_ssim_delta_frames_full,mean_hybrid_gain_vs_bicubic_db_shave8,mean_hybrid_ssim_delta_vs_bicubic_shave8,hybrid_gain_mean_psnr_db_shave8,negative_psnr_gain_frames_shave8,negative_ssim_delta_frames_shave8,negative_gain_frames
Beauty_first5s,Beauty,0,588,0.0,5,4.9,50,10,43.74528590551131,43.74528590551131,36.46010192725649,0.9477002923575019,0.9477002923575019,43.75832018511328,43.75832018511328,36.472685009408906,0.9478155665274458,0.9478155665274458,1.9801068166115348,43.880245810138966,43.880245810138966,36.71125205362325,0.9487397422793316,0.9487397422793316,43.9123717467895,43.9123717467895,36.726138380651626,0.9489225956160429,0.9489225956160429,1.955497071217327,0.13495990462766444,0.001039449921829554,0.13495990462766444,8,25,0.15405156167623488,0.001107029088597129,0.15405156167623488,8,24,8
Bosphorus_first5s,Bosphorus,0,588,0.0,5,4.9,50,10,43.07858007885853,43.07858007885853,41.63390773303189,0.9791673303985367,0.9791673303985367,43.054852657261065,43.054852657261065,41.612653959394656,0.9790555650197704,0.9790555650197704,1.5313052305556585,44.86748191036292,44.86748191036292,43.40142311576224,0.9816183411846682,0.9816183411846682,44.86846574847297,44.86846574847297,43.39694245859664,0.981619245876587,0.981619245876587,1.2620768699212181,1.788901831504401,0.0024510107861316797,1.788901831504401,0,0,1.8136130912119202,0.002563680856816255,1.8136130912119202,0,0,0
CityAlley_first5s,CityAlley,0,245,0.0,5,4.9,50,10,34.14829086247107,34.14829086247107,34.02869592351935,0.8818971268605211,0.8818971268605211,34.137562272264034,34.137562272264034,34.01544675709913,0.881725561165382,0.881725561165382,3.407038688252498,34.9193622570386,34.9193622570386,34.79352148820104,0.8874605736445024,0.8874605736445024,34.911938252069234,34.911938252069234,34.784273078011324,0.8873764319973922,0.8873764319973922,3.296595611250808,0.77107139456752,0.005563446783981019,0.77107139456752,0,0,0.7743759798052089,0.005650870832010253,0.7743759798052089,0,0,0
FlowerFocus_first5s,FlowerFocus,0,245,0.0,5,4.9,50,10,38.87292395714796,38.87292395714796,38.66081450179904,0.889697287696896,0.889697287696896,38.871217045666754,38.871217045666754,38.65753199707528,0.889713000396333,0.889713000396333,2.9938065184720775,38.95522547491321,38.95522547491321,38.7861573182477,0.8910834548912655,0.8910834548912655,38.9558076089231,38.9558076089231,38.785272699582364,0.8911191166134264,0.8911191166134264,2.9632466241156736,0.08230151776524891,0.001386167194369492,0.08230151776524891,0,0,0.08459056325634648,0.0014061162170934981,0.08459056325634648,0,0,0
FlowerKids_first5s,FlowerKids,0,245,0.0,5,4.9,50,10,36.30342595923473,36.30342595923473,35.356547464130905,0.9253506656635355,0.9253506656635355,36.29151010443044,36.29151010443044,35.34991298333151,0.9251946797381726,0.9251946797381726,3.263777230744918,37.79089515616957,37.79089515616957,36.79344081040979,0.931198689527067,0.931198689527067,37.78382392362651,37.78382392362651,36.79143233928534,0.9310868468045225,0.9310868468045225,2.8722605838551774,1.4874691969348492,0.005848023863531571,1.4874691969348492,0,0,1.4923138191960645,0.005892167066350118,1.4923138191960645,0,0,0
FlowerPan_first5s,FlowerPan,0,245,0.0,5,4.9,50,10,34.64166107629495,34.64166107629495,34.560465317282556,0.8716774746573533,0.8716774746573533,34.63654371859309,34.63654371859309,34.55646714687216,0.871789312713326,0.871789312713326,4.8124272155468075,35.82222493080226,35.82222493080226,35.75083814883454,0.8842426299595023,0.8842426299595023,35.821122503788665,35.821122503788665,35.751031866860934,0.884378868708306,0.884378868708306,4.262319269033802,1.1805638545073052,0.012565155302149212,1.1805638545073052,0,0,1.1845787851955782,0.01258955599498009,1.1845787851955782,0,0,0
HoneyBee_first5s,HoneyBee,0,588,0.0,5,4.9,50,10,43.81742694186465,43.81742694186465,41.9269092997309,0.973760926574444,0.973760926574444,43.80581055462807,43.80581055462807,41.918275190699376,0.97372368158848,0.97372368158848,1.377017697554729,44.68540782932047,44.68540782932047,42.54514154661044,0.97481512560991,0.97481512560991,44.68350999905727,44.68350999905727,42.54349412972296,0.9748030057405528,0.9748030057405528,1.3846380331565742,0.8679808874558151,0.0010541990354661147,0.8679808874558151,0,0,0.877699444429203,0.0010793241520729536,0.877699444429203,0,0,0
Jockey_first5s,Jockey,0,588,0.0,5,4.9,50,10,45.71042527661195,45.71042527661195,40.81962993954053,0.9818682226998077,0.9818682226998077,45.702960701227596,45.702960701227596,40.79429970864295,0.9818233084587447,0.9818233084587447,1.2557065276482946,46.21161638827397,46.21161638827397,41.7187076066885,0.981166858059459,0.981166858059459,46.22111357471321,46.22111357471321,41.70490221678797,0.9811603898925483,0.9811603898925483,1.2256284444669956,0.501191111662014,-0.0007013646403487228,0.501191111662014,9,40,0.5181528734856083,-0.0006629185661965087,0.5181528734856083,9,40,9
ReadySetGo_first5s,ReadySetGo,0,588,0.0,5,4.9,50,10,38.21939618333949,38.21939618333949,33.032583030091295,0.9682041814195685,0.9682041814195685,38.20524623273869,38.20524623273869,33.023116700588815,0.9681596922068136,0.9681596922068136,2.5594561860293363,40.66398611100444,40.66398611100444,34.749864455949094,0.9740245200321267,0.9740245200321267,40.663644625759204,40.663644625759204,34.748494840117395,0.9740492185679713,0.9740492185679713,1.9876572900908316,2.4445899276649423,0.005820338612558331,2.4445899276649423,0,0,2.458398393020519,0.005889526361157689,2.458398393020519,0,0,0
YachtRide_first5s,YachtRide,0,588,0.0,5,4.9,50,10,36.928152793929534,36.928152793929534,35.01941262677819,0.9600991964496188,0.9600991964496188,36.959414759029556,36.959414759029556,35.14829175628017,0.9604920760191469,0.9604920760191469,2.55083451905945,38.60307322653213,38.60307322653213,36.38695142005488,0.9659080621501553,0.9659080621501553,38.65435612585259,38.65435612585259,36.548933404222915,0.9663068203507982,0.9663068203507982,2.124227578724302,1.6749204326026017,0.005808865700536379,1.6749204326026017,0,0,1.694941366823039,0.005814744331651293,1.694941366823039,0,0,0
