epoch,qat_train_mse,selection_qdq_psnr_db,selection_qdq_ssim,selection_fp32_psnr_db,epoch_seconds
1,0.0010784812016253107,33.9843596513092,0.9174398317191974,33.98055752941279,50.686052400036715
2,0.0010636279215387877,33.98719127272356,0.9175088933948258,33.98439453275245,44.1748915000353
3,0.001063261788115883,33.985508531001486,0.9175257653705249,33.98101004725118,44.21967539994512
4,0.001081119467152504,33.98444093991482,0.9175193273946899,33.979662079157364,43.79414590005763
5,0.001060164286494538,33.980996005491434,0.9173446863480306,33.96904985294243,43.81524939998053
6,0.0010757855428620731,33.98325176610948,0.9175784275796375,33.959835721800715,43.56842840008903
7,0.0010641532670642192,33.990529691096384,0.9176450954137791,33.9641290964154,43.73600619996432
8,0.0010604329947645915,33.98059790423747,0.9173626847638829,33.952132408849046,43.408683000016026
9,0.0010889816547818584,33.982181677636575,0.9174560682832726,33.934733248257736,43.11359100008849
10,0.0010819451721675837,33.98631763436507,0.9175123999512709,33.93569244813428,43.276362400036305
