net	cell	init	I0_net	I0_driver	I1_net	I1_driver	I2_net	I2_driver
u_top/u_core/u_b/u_b_core/core/core/l5/gk.frontend/win/window_valid_reg_0	u_top/u_core/u_b/u_b_core/core/core/l5/gk.frontend/win/g_wide_read.g_read_slice[0].mem_slice_reg_0_3_0_5_i_1__0	8'h8A	u_top/u_core/u_b/u_b_core/core/core/l5/gk.frontend/win/raw_valid	u_top/u_core/u_b/u_b_core/core/core/l5/gk.frontend/win/window_valid_reg/Q	u_top/u_core/u_b/u_b_core/core/core/l5/mac/issue/window_ready	u_top/u_core/u_b/u_b_core/core/core/l5/mac/issue/wr_ptr[1]_i_2__0_comp/O	{u_top/u_core/u_b/u_b_core/core/core/l5/gk.frontend/fifo/count_reg[2]_1}	u_top/u_core/u_b/u_b_core/core/core/l5/gk.frontend/fifo/count_reg[2]/Q
u_top/u_core/u_b/u_b_core/core/core/l5/gk.frontend/win/window_valid_reg_1	u_top/u_core/u_b/u_b_core/core/core/l5/gk.frontend/win/g_wide_read.g_read_slice[12].mem_slice_reg_0_3_0_5_i_1__0	8'h8A	u_top/u_core/u_b/u_b_core/core/core/l5/gk.frontend/win/raw_valid	u_top/u_core/u_b/u_b_core/core/core/l5/gk.frontend/win/window_valid_reg/Q	u_top/u_core/u_b/u_b_core/core/core/l5/mac/issue/window_ready	u_top/u_core/u_b/u_b_core/core/core/l5/mac/issue/wr_ptr[1]_i_2__0_comp/O	{u_top/u_core/u_b/u_b_core/core/core/l5/gk.frontend/fifo/count_reg[2]_1}	u_top/u_core/u_b/u_b_core/core/core/l5/gk.frontend/fifo/count_reg[2]/Q
u_top/u_core/u_b/u_b_core/core/core/l5/gk.frontend/win/window_valid_reg_2	u_top/u_core/u_b/u_b_core/core/core/l5/gk.frontend/win/g_wide_read.g_read_slice[24].mem_slice_reg_0_3_0_5_i_1	8'h8A	u_top/u_core/u_b/u_b_core/core/core/l5/gk.frontend/win/raw_valid	u_top/u_core/u_b/u_b_core/core/core/l5/gk.frontend/win/window_valid_reg/Q	u_top/u_core/u_b/u_b_core/core/core/l5/mac/issue/window_ready	u_top/u_core/u_b/u_b_core/core/core/l5/mac/issue/wr_ptr[1]_i_2__0_comp/O	{u_top/u_core/u_b/u_b_core/core/core/l5/gk.frontend/fifo/count_reg[2]_1}	u_top/u_core/u_b/u_b_core/core/core/l5/gk.frontend/fifo/count_reg[2]/Q
u_top/u_core/u_b/u_b_core/core/core/l5/gk.frontend/win/window_valid_reg_3	u_top/u_core/u_b/u_b_core/core/core/l5/gk.frontend/win/g_wide_read.g_read_slice[36].mem_slice_reg_0_3_0_5_i_1	8'h8A	u_top/u_core/u_b/u_b_core/core/core/l5/gk.frontend/win/raw_valid	u_top/u_core/u_b/u_b_core/core/core/l5/gk.frontend/win/window_valid_reg/Q	u_top/u_core/u_b/u_b_core/core/core/l5/mac/issue/window_ready	u_top/u_core/u_b/u_b_core/core/core/l5/mac/issue/wr_ptr[1]_i_2__0_comp/O	{u_top/u_core/u_b/u_b_core/core/core/l5/gk.frontend/fifo/count_reg[2]_1}	u_top/u_core/u_b/u_b_core/core/core/l5/gk.frontend/fifo/count_reg[2]/Q
u_top/u_core/u_b/u_b_core/core/core/l5/gk.frontend/win/window_valid_reg_4	u_top/u_core/u_b/u_b_core/core/core/l5/gk.frontend/win/g_wide_read.g_read_slice[48].mem_slice_reg_0_3_0_5_i_1	8'h8A	u_top/u_core/u_b/u_b_core/core/core/l5/gk.frontend/win/raw_valid	u_top/u_core/u_b/u_b_core/core/core/l5/gk.frontend/win/window_valid_reg/Q	u_top/u_core/u_b/u_b_core/core/core/l5/mac/issue/window_ready	u_top/u_core/u_b/u_b_core/core/core/l5/mac/issue/wr_ptr[1]_i_2__0_comp/O	{u_top/u_core/u_b/u_b_core/core/core/l5/gk.frontend/fifo/count_reg[2]_1}	u_top/u_core/u_b/u_b_core/core/core/l5/gk.frontend/fifo/count_reg[2]/Q
u_top/u_core/u_b/u_b_core/core/core/l5/gk.frontend/win/window_valid_reg_5	u_top/u_core/u_b/u_b_core/core/core/l5/gk.frontend/win/g_wide_read.g_read_slice[60].mem_slice_reg_0_3_0_5_i_1	8'h8A	u_top/u_core/u_b/u_b_core/core/core/l5/gk.frontend/win/raw_valid	u_top/u_core/u_b/u_b_core/core/core/l5/gk.frontend/win/window_valid_reg/Q	u_top/u_core/u_b/u_b_core/core/core/l5/mac/issue/window_ready	u_top/u_core/u_b/u_b_core/core/core/l5/mac/issue/wr_ptr[1]_i_2__0_comp/O	{u_top/u_core/u_b/u_b_core/core/core/l5/gk.frontend/fifo/count_reg[2]_1}	u_top/u_core/u_b/u_b_core/core/core/l5/gk.frontend/fifo/count_reg[2]/Q
u_top/u_core/u_b/u_b_core/core/core/l5/gk.frontend/win/window_valid_reg_6	u_top/u_core/u_b/u_b_core/core/core/l5/gk.frontend/win/g_wide_read.g_read_slice[72].mem_slice_reg_0_3_0_5_i_1	8'h8A	u_top/u_core/u_b/u_b_core/core/core/l5/gk.frontend/win/raw_valid	u_top/u_core/u_b/u_b_core/core/core/l5/gk.frontend/win/window_valid_reg/Q	u_top/u_core/u_b/u_b_core/core/core/l5/mac/issue/window_ready	u_top/u_core/u_b/u_b_core/core/core/l5/mac/issue/wr_ptr[1]_i_2__0_comp/O	{u_top/u_core/u_b/u_b_core/core/core/l5/gk.frontend/fifo/count_reg[2]_1}	u_top/u_core/u_b/u_b_core/core/core/l5/gk.frontend/fifo/count_reg[2]/Q
u_top/u_core/u_b/u_b_core/core/core/l5/gk.frontend/win/window_valid_reg_7	u_top/u_core/u_b/u_b_core/core/core/l5/gk.frontend/win/g_wide_read.g_read_slice[84].mem_slice_reg_0_3_0_5_i_1	8'h8A	u_top/u_core/u_b/u_b_core/core/core/l5/gk.frontend/win/raw_valid	u_top/u_core/u_b/u_b_core/core/core/l5/gk.frontend/win/window_valid_reg/Q	u_top/u_core/u_b/u_b_core/core/core/l5/mac/issue/window_ready	u_top/u_core/u_b/u_b_core/core/core/l5/mac/issue/wr_ptr[1]_i_2__0_comp/O	{u_top/u_core/u_b/u_b_core/core/core/l5/gk.frontend/fifo/count_reg[2]_1}	u_top/u_core/u_b/u_b_core/core/core/l5/gk.frontend/fifo/count_reg[2]/Q
u_top/u_core/u_b/u_b_core/core/core/l5/gk.frontend/win/window_valid_reg_8	u_top/u_core/u_b/u_b_core/core/core/l5/gk.frontend/win/g_wide_read.g_read_slice[96].mem_slice_reg_0_3_0_5_i_1	8'h8A	u_top/u_core/u_b/u_b_core/core/core/l5/gk.frontend/win/raw_valid	u_top/u_core/u_b/u_b_core/core/core/l5/gk.frontend/win/window_valid_reg/Q	u_top/u_core/u_b/u_b_core/core/core/l5/mac/issue/window_ready	u_top/u_core/u_b/u_b_core/core/core/l5/mac/issue/wr_ptr[1]_i_2__0_comp/O	{u_top/u_core/u_b/u_b_core/core/core/l5/gk.frontend/fifo/count_reg[2]_1}	u_top/u_core/u_b/u_b_core/core/core/l5/gk.frontend/fifo/count_reg[2]/Q
