clip,sequence,frames_used,r0_mean_psnr_db,qat456_mean_psnr_db,qat_minus_r0_mean_psnr_db,r0_mean_ssim,qat456_mean_ssim,qat_minus_r0_mean_ssim,qat_psnr_regression_frames
Bosphorus_5s,Bosphorus,120,45.11171908124117,45.58333607870942,0.47161699746824964,0.9826189273315517,0.985186823737194,0.0025678964056423956,0
CityAlley_0_5s,CityAlley,125,34.91638934780822,34.93631193914696,0.01992259133874313,0.8873279837171094,0.8876694741478659,0.0003414904307565072,0
CityAlley_6_11s,CityAlley,125,34.49212096875715,34.512130218377656,0.020009249620512492,0.8891768857199448,0.8896062461011178,0.00042936038117296694,0
FlowerFocus_0_5s,FlowerFocus,125,38.94713798076675,38.98376130543272,0.03662332466598019,0.8911645488694145,0.8919780999037952,0.0008135510343807049,0
FlowerFocus_6_11s,FlowerFocus,125,39.46486138457366,39.522618908431554,0.057757523857894566,0.9010516176024527,0.9022958691682671,0.0012442515658144914,0
FlowerKids_0_5s,FlowerKids,125,37.75084660999976,37.82495016430786,0.07410355430808954,0.9308472251344033,0.932171983030768,0.0013247578963645746,0
FlowerKids_6_11s,FlowerKids,125,38.09803127606854,38.16951118997475,0.07147991390621251,0.9292278449518713,0.930420190114406,0.0011923451625348712,0
FlowerPan_0_5s,FlowerPan,125,35.811554555239844,35.85299624225147,0.04144168701162539,0.8842838529252166,0.8849080453839281,0.00062419245871153,0
FlowerPan_6_11s,FlowerPan,125,35.67336890230256,35.714876008289124,0.04150710598656065,0.8842416760901393,0.8848775797707223,0.0006359036805832696,0
ReadySetGo_5s,ReadySetGo,120,40.86040577027952,41.07974585457292,0.21934008429340027,0.9749726634765052,0.9767618509961932,0.0017891875196879672,0
