sample_id,sequence,decoded_frame_index,timestamp_s_from_dataset_fps,hr_y_sha256,lr_y_sha256,bicubic_y_sha256,hybrid_y_sha256,bicubic_psnr_db_full,bicubic_ssim_full,bicubic_psnr_db_shave8,bicubic_ssim_shave8,hybrid_psnr_db_full,hybrid_ssim_full,hybrid_psnr_db_shave8,hybrid_ssim_shave8,hybrid_gain_vs_bicubic_db_full,hybrid_gain_vs_bicubic_db_shave8,hybrid_ssim_delta_vs_bicubic_full,hybrid_ssim_delta_vs_bicubic_shave8,bicubic_temporal_difference_mae_u8,hybrid_temporal_difference_mae_u8,regression_class,reference_gradient_l1_960x540,reference_high_frequency_l1_960x540,reference_motion_mae_960x540
Beauty_first5s_f00,Beauty,0,0.0,d95c2ccac78bdd26c78cc2156a80e63892b0478a763b23c092c0f1b8047458aa,4de7402ded8e4bfedc1af243ab561230cd1f9eded1907917ef51a080446d1dec,0e33a6cb52a1571d385025935ef466a364bbb048992aab7fa4b56c29ad3976f8,1ab4cdb441eaaa577d8dfedcf745ca3bfbf1bfbbb911a6763038fd2bdf9eae56,36.46010192725649,0.8426965678985698,36.472685009408906,0.8430550512242119,36.71125205362325,0.8496462254758663,36.726138380651626,0.8500453236890052,0.2511501263667597,0.2534533712427205,0.006949657577296486,0.0069902724647933345,,,no_regression,2.8643819120308303,1.6933031171376323,
Beauty_first5s_f01,Beauty,12,0.1,95bc76849479c2bf366b1508e370704efb570d6533c606dda7311b327dc077e0,02b771d81f3e116233aa9740691b90fa05e6a736a316e6b8b1b1440af5aa4aac,ce7a41c9cec3daea780a345435341a2d5205667369498a899c580b6b47e3f70c,dcb352b5fce2cd024b1ff8d0875fb8fb5647036e27848a5f32c48997595a2303,46.98912764435687,0.986669632437915,47.0137165498295,0.9866849694935473,47.30495822294712,0.9866095706521576,47.35445416328686,0.9867087379661387,0.3158305785902513,0.34073761345735676,-6.006178575734822e-05,2.3768472591334522e-05,2.8445295180088053,2.7434769796415415,no_regression,1.7708593010584017,1.005008766454311,11.663146219135802
Beauty_first5s_f02,Beauty,24,0.2,08e2edb3a8535b421dc46b2decab329a4bff0592095ab575e1e6d36e6a92fe05,17f2bf6e410f8652041bc9009a2e8a83dc0575301256ace804ac319fa22d4084,7fb37e9d2d1bf373eddf0fe9b9c6272ff1e13ca0c0bc27ac3e5603e43ec8a8c8,628c5b28db02a67c59fe4bcc67504ecf783b0f6db21acd813127f183a527fe39,40.576972046595955,0.9306649955914039,40.58721515678954,0.9307733882526343,40.82027415998521,0.9337326865452998,40.836056127908975,0.9339064727227089,0.24330211338925523,0.24884097111943504,0.0030676909538959185,0.003133084470074543,1.8367494623509024,1.7760036523059388,no_regression,2.3867168185843237,1.3812022781298485,9.081547067901235
Beauty_first5s_f03,Beauty,36,0.3,c73f30aedc527abb8a8a3837c79f5101385374cf117eb74cae645aa01078ece2,5efa819fe22544fd77482e1c308efc012800e2507fa76bbe4cb322d589481e3d,5498946d527809538a28436ee031c69ffe79a96d558cc7af3cf93c4dc54ce99d,2429d21110184da30daa642f09394a484b61e581e5814a3efc95aa8562412742,47.6071362266724,0.9879201792897441,47.621479257011,0.9879571519841789,47.88017988283453,0.9877218950166767,47.92627019195322,0.9878492277839607,0.27304365616213033,0.3047909349422184,-0.00019828427306733953,-0.00010792420021821236,1.8131864539748954,1.7597750167832387,ssim_only_down,1.7641278703289913,0.9825815721941583,6.284913194444444
Beauty_first5s_f04,Beauty,48,0.4,96525fe8982225f3b45eeed63c8ba34424842b50b54db5f5102c6b29dee9d6f4,1113fec87c02e1efa1c8c4c7a51c4e04a242681dd59ed042f800607bc7b3760b,290ae42dbcc2fb800fa6f603a97d46b0709c8d3ea72c121767ccd00830602387,4302c26ee8aee45f6fce2714fd5a0a34f93a7fdc9992536d3e8bbd22baeac5ad,40.643357582947324,0.9305828309757698,40.654036443860484,0.9306796642623489,40.83423539352876,0.9330798098489425,40.85056538899387,0.9332387089832357,0.1908778105814335,0.19652894513338737,0.002496978873172684,0.0025590447208867495,1.8021278121682383,1.7521096140635732,no_regression,2.3123630109438897,1.2983116485840744,7.580883487654321
Beauty_first5s_f05,Beauty,60,0.5,fb042a424a92433d673568954e5d54bb61699820c128083f1ad73537851404b9,b8992536f119a2828257e84700bc7826fe806deb156d91fcb349088cc325ac1b,62a43b909459f9b6bb145ffeb25905ed42228f1ed3845fefdc29872667cd9b66,b43fea33c778fec3d0b7ea40e12eb873ee80d0c5286b01106607a047efcb80bb,48.46761093387697,0.9909960069893645,48.48672377130248,0.9910124322208281,48.718592576121225,0.9902931256372479,48.77750079745631,0.9903983949157331,0.25098164224425545,0.29077702615383316,-0.0007028813521166022,-0.0006140373050950165,1.757423533808468,1.7204772343174295,ssim_only_down,1.7351087224409043,0.9221860698693328,8.541194058641976
Beauty_first5s_f06,Beauty,72,0.6,e27e79d224e7a1f4d3f41579ae832b42e2032b574f44408f1fd33d544032bdde,3514b3d8b30f23ead56dc1f121686313b272c5148151b5122657b1241985af5f,3283283e3da6a98ee3be5145a61bfd4b2973a040f2135805482d04c7f2b6b9d8,9a1c76d5a0aee6c3e52f2f2214b8aea4a5f06db411b920ac7f8fa8e787a9878d,40.64788028510886,0.9311389553816739,40.66140738912712,0.9312525505755032,40.85720754415951,0.933782894256467,40.876010881783635,0.9339566632667995,0.20932725905064586,0.21460349265651502,0.0026439388747930836,0.0027041126912963342,1.7700743878020984,1.7286934590254792,no_regression,2.382583672892588,1.3351519157949052,8.381145833333333
Beauty_first5s_f07,Beauty,84,0.7,bb131b738de0118d998092369025ecd675b70250407732478b3488495a2e8796,991145130282f839dc707fe0f531576fcd2ca44e01d07dfca907ab5a9088de40,aee073c377a2f5373d8502024da0bb561580addc7df28b8679ee14343fd90250,738350d244ec24578315ae7e07420a742cf48f0fa4e873cb797f5d7f0af8ffca,49.348477079889136,0.9917274372292675,49.355711021204684,0.9917358398709606,49.22652320362879,0.9908155582380052,49.27878208938691,0.9909126299292432,-0.12195387626034915,-0.07692893181777549,-0.0009118789912623271,-0.0008232099417173622,1.7521243725800912,1.7171915738384438,psnr_and_ssim_down,1.6072272453920005,0.8307805913631563,11.046641589506173
Beauty_first5s_f08,Beauty,96,0.8,07093af879220cd10cafb224947554e60cbe6fd4fc5adf2ce9e7240f2296435a,1a6a663c5f0f9f7eb51f008cd789c78fdee51a2204bb0b102ccfd934b22e39d1,f97fcea71fc63cd061bc6b93e990504ccf1496ab062f0206caf6c352297988a2,79401ca9043087c84bc042271c9e8a69d5c3ac661e37c5175b4fb2c1ef367b0c,37.61843377213678,0.8669762536480151,37.63052650527156,0.8672034577840624,37.72153271993907,0.8707403631974158,37.736018980305694,0.8710117803214261,0.10309894780228746,0.10549247503413284,0.0037641095494006516,0.0038083225373637397,2.470159621284269,2.4365555769140697,no_regression,2.328534972659712,1.2971775168695567,11.899984567901235
Beauty_first5s_f09,Beauty,108,0.9,9f0badfcae1aaaf3055f0f21f7485554b6b3c987e5b7679580cf57d85b8be98b,9c40803cbf141772c83d69c72ebc98d7ed5b5ba26ae1785ee7ece68373ddab78,3841de566bad5eea22e572f94a4e007753a0a8086b29b5207f12b6e8239cffcd,1b5f8ed99309f031e8eee05c38bc923f1a9349c490742bf1d55157d55b5689d9,49.68197423964827,0.9928078702720271,49.70917313150605,0.9928293661940291,49.47800569489185,0.9916962374175634,49.54382050886808,0.9917937216868127,-0.203968544756421,-0.16535262263796824,-0.0011116328544636955,-0.0010356445072163822,2.455964733731968,2.4255532858068443,psnr_and_ssim_down,1.553282298505187,0.7971571917758312,10.205686728395062
Beauty_first5s_f10,Beauty,120,1.0,036f16b645f398c0c170da6602a8f49883314cdd8c419c12c14eea5af92a3126,3b37374f29e805ad51b2e7ffbd12164141b98d41e243ab2bfa139a0764390f61,8e6174e3fae6b9d5891c53e44136c7c6f7552d306b5be29a19b92c42b56f6a40,68290f7a0d439f6bd139540890911f1aea3037329b97b33dec40cbced7d88f83,40.07036028550972,0.9225817067797926,40.09397135766364,0.9228045035480603,40.22478716849697,0.9248083569059189,40.25420552847241,0.9250796773464312,0.15442688298724505,0.16023417080877067,0.0022266501261263283,0.002275173798370833,1.7515975789202523,1.7405355219196903,no_regression,2.294186177844285,1.2660188065138127,11.163792438271605
Beauty_first5s_f11,Beauty,132,1.1,d03b46bd82423f3295f54ccf05eee6212f390e8108bf4703ef83139959a4adeb,6562a731c9150514252559e8c24e0b50cf047a5d64e02898109f8716968c8691,f3b4fd15479e10abaf88ea912ac10c6cf0574e33f3275d4a00069f436553990e,f7c77f2785dfd296973b8ec3ad1ac8c1a9efae150cc26f8686c13bb69137fef5,46.61877998722784,0.9821114483231344,46.62121225900351,0.9820978018507148,46.542969024052056,0.9812861383401638,46.567854545749114,0.9813555317219788,-0.07581096317578329,-0.053357713254392536,-0.0008253099829705901,-0.0007422701287360667,1.8624992925669768,1.8448670123493411,psnr_and_ssim_down,1.6460014186128626,0.84671573271538,9.174122299382717
Beauty_first5s_f12,Beauty,144,1.2,064e918a4a01cb24279ebe3acad1378fd7452c6a0bfed5a75ffdcfc51ca013fc,96db583c58784648057c9e84333cbebec0350c737fea094a4aa3036913809c16,7feb35123e38c639958b66b0b34c10d70274450599c64553b4945aa7cf89e51f,6ce430fd796ffb30e061fcb91b3febfca1289d42d777c59bd064a0bad4288cdb,40.21050012501245,0.9231384071021042,40.22764252323222,0.9233704210354406,40.28353762297517,0.9247871846032061,40.30570539068573,0.9250733204598323,0.07303749796271575,0.07806286745351088,0.0016487775011019279,0.001702899424391613,1.8216958974739275,1.8216989467541997,no_regression,2.041198136336301,1.1157000926063385,10.253524305555555
Beauty_first5s_f13,Beauty,156,1.3,a96ae1e4d389c94b0743b64a67da1204a2b3e6283ebcdf8f7963d561429e5e2b,675933e608dc419a14facd91eb23f78067c86d31b83ac5d5f658423047caa5c7,5bdb5d9f0ef7078747dad302db473a3db5025a4b6a7392e7f1493f8c969827fb,daf906a1d52401b13887f6892170b24ec112b0f1ba7d5624c3080bc5f0cd7c08,49.65200463391935,0.9918796001835974,49.67950705631737,0.9919213627010683,49.23797508357563,0.9906627049150921,49.30099836652053,0.9907845473017315,-0.41402955034372013,-0.3785086897968384,-0.0012168952685053247,-0.0011368153993368546,1.7093461416115032,1.7235004127505777,psnr_and_ssim_down,1.3434151828817495,0.6839089059038662,7.7864911265432095
Beauty_first5s_f14,Beauty,168,1.4,cc4aa7f07265ae7fc8cbaade1421f4e1ccc3da76453c7f3d017a3c4adbbba5ba,3bfc3b3308e367d334874fcf9f291441c000431a57561d62489f3549f3187d76,4b6c7de3736e2a28eba87930bd76cb8cf76c305530b50251091e692ba97ad3d0,163b501adb4c2d7c1cdfe889960e0e6950565251d1a193b3bfb8047ca913b814,40.16070545928767,0.921609799161049,40.17392312007762,0.9217959533064986,40.244439273677855,0.9235457407763118,40.262172692381554,0.9237834672657325,0.08373381439018601,0.08824957230393693,0.0019359416152627817,0.001987513959233911,1.7927206605570474,1.7958914241553738,no_regression,2.134787819822687,1.1453104989911302,8.310574845679012
Beauty_first5s_f15,Beauty,180,1.5,f09581fbc5288e2f6aa157b47a054cf4c38085ee9f3b84f042c82cf4ccb44aba,6d026cea8094048d11fb44723310a91be78353fa9832f50e90a6f9ac55dfd4aa,df20ca056d094e9a5022ffd198fcef72e0f4619168a9a77027cdcc37c8817314,6040a47c48c98e0c4f123d824015db309bf9f6d45423b79c64c703d6c4286a70,49.73150207309754,0.9921755885173809,49.7568832532845,0.9922172836120796,49.30657617670272,0.9909011446618463,49.371212071765655,0.9910251133710135,-0.4249258963948179,-0.3856711815188447,-0.001274443855534546,-0.001192170241066104,1.796823284206582,1.796285635108974,psnr_and_ssim_down,1.4353418332237413,0.706575944835757,8.69880401234568
Beauty_first5s_f16,Beauty,192,1.6,c8e2c861438b7632fb0f1ea76872b694748677215ff1939dfce5ceb9e2dc4a03,e5d9ff9809dd5dc297cef1591dd9b47cdac8e202c714b76438b1eaf036c26d31,e8a8700a1462bf1063d74dc5fd156bda0e465a49e31f562aa1d4d6d1a041dbbe,6e253fa49bac3c15fc0f6d2f92f1b2ecaaef50353ab0d81a85b1ff96f9f182f0,37.57538711867701,0.8675259569912909,37.581622487463214,0.8676821152637048,37.642473919775824,0.8707671848217938,37.651797813626565,0.8709789469025139,0.06708680109881726,0.07017532616335131,0.0032412278305029574,0.0032968316388091168,2.3711268041981515,2.3642175010148003,no_regression,2.119250698648183,1.1626449338907814,11.196662808641975
Beauty_first5s_f17,Beauty,204,1.7,f02b3b1fd08d74951a4a0e3fc627167b04c63a6fce6e0b7ff6e69d90d6240849,3815e52d6d8f829228739009d1b18b79687c9c907a8188f5781214a538cc698d,0ef0fa9cdc33ea9c92a67a07bf6704eb804108bf7f361fa9d4a0f4926d18fef7,035e64907d917dda73238be0f0ac95baa9bf0ce6ef1c1c2c4f2b5ba90b9fa951,50.54680566109972,0.9936612532875125,50.55367103940705,0.9936730756468782,49.89851050400617,0.992174057161738,49.95270036686751,0.9922672727145689,-0.6482951570935498,-0.600970672539539,-0.0014871961257745259,-0.0014058029323092969,2.347912633485293,2.3453922203834385,psnr_and_ssim_down,1.4246184566505213,0.6998383777045909,8.633123070987654
Beauty_first5s_f18,Beauty,216,1.8,95b9f528794d9a82715dd337cf2637f92337ec1f3d995eb1dd2b4e015347bed0,0588fe9318bff323a4bc3fa0a3db653eef7b327cfa7973a082d9f55f697aa28f,27c8c55e3fca1969c7e9481c0a3baffbeb6c7aa3ee73c57a030b86421af0d31f,9b828ac972e504e66839d3c16e6f95ce4ff0cb682092575b01395ae884ab7bbd,39.82583637348841,0.918358324013797,39.84296010637655,0.9186202461744473,39.93282331715556,0.9203244284517542,39.95513563581446,0.9206419527493767,0.10698694366715245,0.11217552943790565,0.0019661044379571946,0.002021706574929394,1.7327153377334041,1.7433522030927997,no_regression,2.2151183366511837,1.1871836597500025,12.05394675925926
Beauty_first5s_f19,Beauty,228,1.9,8ca180bb4fed6b792b8acbbc48dbf22a40662b1dd15ad9d1f89c7ab45e038e5a,634870572b3bb454f86d271ec2ec520c8189d0620a18cd54b3e15b32ac37669f,b6c0ee8f96fee4600a6cd445218c5722313246c74e040502024a44bf3e625baf,958097070c36c84aacbde79d13418200e9f987ce5f33f6e48f19d565cc64a615,47.238637963719924,0.9868564037057777,47.232578100096035,0.9868526449361604,47.323381929695344,0.9858226663138293,47.344559894732264,0.9858946324412278,0.08474396597542011,0.11198179463622893,-0.0010337373919483417,-0.0009580124949326585,1.8178173349387998,1.8134332017345283,ssim_only_down,1.7633385463139764,0.8863914793380249,8.275640432098765
Beauty_first5s_f20,Beauty,240,2.0,4f92d044b0d62082a51c49fae7d3e44c5cd648a6ec2962c7cd8ef2d85e363621,59ab5b51b51e4e6e01acbc0ffad3b1e4edc7c7f1639fb4699ac0330244e92666,9af642dc575127bc7ede5a79f574549fc0a1963f32760da6144ab4819e1e2455,53ce0f41c3e43435255328f57e9750bce382ecac2a266d7dd7ca692d5b521073,39.77716630860812,0.9179228844894466,39.78993765301179,0.9181468504990299,39.887931045750726,0.9199129758718182,39.906634576239966,0.9202055382494841,0.1107647371426026,0.11669692322817582,0.001990091382371606,0.0020586877504542578,1.826769168019734,1.8237839226331731,no_regression,2.290622117570762,1.246863877280259,12.057596450617284
Beauty_first5s_f21,Beauty,252,2.1,17b086d927339ec285834959359aea4b7a6b7b0e6d6e97e1f2238fde8ad757dd,86a6c3ef24616b5bb027384bff07fdf89f2f41cef4c22340481554a25a99f3ee,99a36187c961f6f0a8d7e17351919c6a104ecd69aaf3fcf694bdbe35503c0938,7caec85dd414b34d179115e4d984847ccc25318cc9b2788d33f9196b54868dd2,48.5368910329136,0.9909635183941089,48.55697223074887,0.9909916841952803,48.5628762765679,0.9900703323966268,48.61476316680928,0.9901836541519778,0.025985243654297108,0.057790936060413856,-0.0008931859974821155,-0.0008080300433024323,1.8006719637950415,1.7963182014222818,ssim_only_down,1.7133180934487635,0.8964700061395581,8.926846064814814
Beauty_first5s_f22,Beauty,264,2.2,eec347307002b5db23850c23120435470fe7dfcf5be5816115cf67c4c57c65aa,7950b983a9eb7788af7ae1c025df8a79b1c86ca688dcac167fa32f5e65e851d4,77e2b801e7b117f2f19b65af0529d7d9b0fc5f5719cbc0fd9928e9688eb2b045,9f6bac01ca93b204399127154138d231f19d9e418db6d77aa2cba4faccb75be3,39.89422666864748,0.919182431615026,39.9068496148488,0.9193765725159802,40.04008980482031,0.921549076426024,40.05820628198749,0.9217966364425985,0.14586313617283508,0.15135666713868545,0.00236664481099802,0.00242006392661831,1.8599775377818022,1.8367362894601262,no_regression,2.362059931111352,1.2933561130677476,8.844944058641975
Beauty_first5s_f23,Beauty,276,2.3,14e7901fa86e9c0343f687b4a6f3ce8497d6fddfd3c8a26866821a97e5f4ea92,ac6684a28f3de3da06dfe30ad7f2c6035e0d6d76acd1573dd5a590043f0277e5,7de85c1a6baedb64ba9cdb6fcde94f251b86885bf04e61b1c859155783b826a6,aa7bb80c5d9aa474c719561bd775bc4852e66da5c0a3a3fb9a3c37c1a8b8fee0,47.72519758132853,0.9916364850348048,47.72442528841494,0.9916296097147621,48.504358257609354,0.9913034175465256,48.541386337827475,0.991383907927468,0.7791606762808243,0.8169610494125337,-0.00033306748827921506,-0.00024570178729410586,1.8730857838162742,1.8375704505714108,ssim_only_down,1.770143974284029,0.938212902361964,10.590923996913581
Beauty_first5s_f24,Beauty,288,2.4,908f3df98f8ff9eb7eb5970542a5b8d2e20938250cd68913d95b421a0482f588,ebe58be28304c3d3d594bbd0d45c6ae1b7c1eac2c665669fec784b0764ed12a8,ff6b5aaa874af27f15f8f8b6c682f1ee35ee06ae56216497eaf6b825a24c885d,7cdb1fb22e02e245f83966f9d809ee125a95b867d90c6b23f020abdb0c9a7e0e,37.49331633565858,0.8682761476425277,37.502144041634836,0.8685038442061266,37.59366218573612,0.871823635526257,37.605725355587985,0.872106002393549,0.10034585007754515,0.10358131395314985,0.0035474878837292723,0.0036021581874223774,2.4215282358474366,2.379146777227877,no_regression,2.476116965624265,1.349871960254731,11.177226080246914
Beauty_first5s_f25,Beauty,300,2.5,fac45c531ee237cc849fd95f44a82a06104a2c69aeae4730113bb8c2eba49969,7b26e8ac8edebb8a55915758fa7772f26378f84ba0cd7b0430d621903502e81c,1485182d0128b598ff27a361e68e5c3bcd9f6397c17cd0b1bb6f1c21eb4d142b,e1efa0caa5a467ee510c4c746539c31292948cb51f6c1d4a49b2e665ced501f2,49.0549771052075,0.992291744195393,49.06005580844297,0.9923086145569312,49.13202925658159,0.9914247169270028,49.179981254884105,0.9915302371704311,0.07705215137409027,0.11992544644113678,-0.0008670272683901636,-0.0007783773865001065,2.386746681407294,2.3573725986308,ssim_only_down,1.732239087803152,0.8883444512718254,11.777395833333333
Beauty_first5s_f26,Beauty,312,2.6,1a4a0a1d43229ddf9e347061681f0640ea5400d74602404e0bc15d62b8fb0317,1923c37dc12c067c6c14584d127505886e93c73d3c109d1afb6c3339d4e37615,96368e6a6aa556dd8c552e855edcb2057915b95279c02b0d0b0afc4e3404fd47,fbecdbbbebe7e2dadbab05d9263069e8e7c35e7e13f37efc471b1eeaf63f3c5f,39.64668566886958,0.9151221173601799,39.662015209612605,0.9153581815231323,39.74382776205608,0.9170792448194901,39.763352119048285,0.9173640333625261,0.09714209318649836,0.10133690943568041,0.001957127459310204,0.002005851839393835,1.7963278371479423,1.7926306458034098,no_regression,2.2604695025820547,1.2078995631359242,9.309000771604937
Beauty_first5s_f27,Beauty,324,2.7,8211c79d6544dd260a01941f1a923309587e95be198ebedcee0146895686e5b5,47c012f25678871b84a963198190287cd1d6576b71c843139b8609fcfd464959,065d37288f35ec093c3aab02c5c4dfc071961fddbe0d76adbbe46be4af3a11b5,2fbab1f515b4b14838a6e20de134d94e99b230c19e49a7c2985b031eeb02e542,47.40568760036841,0.9863022184982,47.41045619813673,0.9863109421202894,47.28771351802006,0.9850829789491448,47.31798904961921,0.9851706980042255,-0.11797408234834705,-0.09246714851752103,-0.0012192395490552288,-0.0011402441160638377,1.8431256293714482,1.8465002068631737,psnr_and_ssim_down,1.6849406301081222,0.8318025576019729,11.86617862654321
Beauty_first5s_f28,Beauty,336,2.8,ca2b3efacf61c4b01589c3876992ba591bc272f9ed18027fda0eff12270e906c,15b90d22007850c568135ef13813dfde887958379576cdac13d562fa283ac5cb,fdb0cf7ec8c01314c914f8c73a0a87b108106af0df0d03be5407e919d602fd6e,de81c26ed51e763a77b3dc60f9a3e81294aebcee85926a661886da1d035b956d,39.67203813021785,0.9184874643614347,39.68746022598896,0.9187468135063249,39.85323189614863,0.920678338725876,39.87456264105803,0.9209914469169416,0.18119376593077874,0.1871024150690701,0.0021908743644413198,0.0022446334106166477,1.814987602846125,1.8109316941703615,no_regression,2.3321053432432475,1.2525364109653014,7.883568672839506
Beauty_first5s_f29,Beauty,348,2.9,c02991abca0d7c2b4274c4ef9618e9852af29b2ebb9fe8d6e67db84e14948be2,e9fb8a144fc64c5f86c201b139f96197216526298bc8aab2b3ac73495106d852,5a2753aca09ce00467a7db1d3403a0afc602ae2a9833a18f9ab39095ec629e33,fe507983a584f1beed59237070ec1d557e21b435253f8f0c1f81c61488ca181b,48.485389765324236,0.9916585324853954,48.491671774678586,0.9916845445555788,48.78438856542531,0.9908808650321728,48.83367300332846,0.9909922562571811,0.2989988001010744,0.34200122864987037,-0.000777667453222608,-0.0006922882983976253,1.7856808481780428,1.7735188547976644,ssim_only_down,1.7412643601088595,0.8518027598769576,12.459766589506172
Beauty_first5s_f30,Beauty,360,3.0,6cba024a398c475681bc7f1936b5e4f3bac5c5943184a01c9d01d8d444e52ef2,85f05d78c09f31783cc5f1ec4a61e427b9e73a5c7c2e247deb5ccfd105778daa,77638bd67f45fabb37751de4bae8ce6857c75e05a477ec486974f88128e4cd7d,dba92c6fcf63a81281721a876d87b30b41b86169e00675442df566ecc20f87db,40.0704933561352,0.9238333400600127,40.08335686018599,0.9240323516628124,40.24190320630861,0.9261346929076627,40.26133989825637,0.9264002743881785,0.17140985017341137,0.17798303807037996,0.0023013528476499845,0.002367922725366123,1.7838212750967963,1.7592673726035097,no_regression,2.4081520921702753,1.2871535397017444,11.05744212962963
Beauty_first5s_f31,Beauty,372,3.1,bfa0def5c5c98c88c7f08ac07f267f35b547deae010bd11750af241873726a0d,792e0a1fab66b6b9d6cf02aa892b712dd4547d8a982a0fcb35562a697c153b45,db6ebc89763961bb48f8e35aca9801d25b20f0b93cf331a8318a9170a3b36ef5,27eea5a65e408ed0222ec9eeb5615dc15ced9f539a0bccd23553f1591f37c925,49.21868113759491,0.9925084701560208,49.22228946948856,0.9925230296225303,49.12481527099053,0.9913835455008936,49.1708431069263,0.9914826612639807,-0.09386586660438212,-0.05144636256225965,-0.0011249246551272574,-0.0010403683585495926,1.7667525018734778,1.7478481838974582,psnr_and_ssim_down,1.7654634303585035,0.8542755305730266,8.385756172839507
Beauty_first5s_f32,Beauty,384,3.2,22e900f18ba13eb0188c75ad2780137c097915da726862eac1dec86f590bda5d,46eca2cea4481b314ef181890d96350c61f2d36f64c303e41a84f1111411f869,bc5e3e2bc047ff3f61ced95ff7ee376f8b9df6b7c1c5d87cb5399454f0ce0c0f,a6bc7ea459d771b47f36cd86688267ef3d622b0ed1f5b924f982204e2361caf8,37.46930872732324,0.8702303504619695,37.480445393334634,0.8705465594918077,37.70470808664862,0.8749672483917396,37.720631790609296,0.8753415078886494,0.2353993593253847,0.2401863972746625,0.004736897929770056,0.004794948396841692,2.4601909142181353,2.406018986526572,no_regression,2.6891844601421635,1.4646338239864067,10.90627700617284
Beauty_first5s_f33,Beauty,396,3.3,27cb2cb7bc7bb634a15e6bf94fb9bf8fcdd332a307e9e207d7cfa0913e137ad0,c2bc6feb69821f8ad543dfb697a232d3ba4113f26bfdf189270dc55a1ee8e6dc,ec82f791930512b3f2dedeff5b6876d413d6c215e28eccae10154774f1ee7c2d,cbd03413c0a257bc7d128ddcc73268afae80f42733c4badb753c114a1551e48d,48.64967755018916,0.9921754430589388,48.65391316214119,0.9921805592963099,49.05508593089223,0.991487297795506,49.10267754598587,0.9915750614379526,0.40540838070307217,0.44876438384468287,-0.000688145263432749,-0.0006054978583572845,2.4705739574876664,2.407654864407044,ssim_only_down,1.8253516595018158,0.8915325172024745,10.29705825617284
Beauty_first5s_f34,Beauty,408,3.4,80ce314f6a00de9d7b5a3bf97b883e30a3e7e7fe5d006032fcbb1d1c07df7cd6,536a001b3245d5114d27f2602a1e4d9611a27c0a2e0bf672bed0bb06b3eef2e9,4c67ca57d6b59eb26d7855fde1937533d25418f2faf0825fb851b7875b8b6e89,097a6811408c6160dab46c0fda1ebb2b7c0d636053948cd6e2e6bf431f6b844b,39.82218114417675,0.9190364097455994,39.83407961396264,0.919206563214755,39.9409015953559,0.9209962683667583,39.957326634228856,0.921223032069058,0.11872045117915064,0.12324702026621281,0.001959858621158883,0.002016468854302955,1.755780947511397,1.7458402938237683,no_regression,2.289165720433643,1.2130015475937614,9.282283950617284
Beauty_first5s_f35,Beauty,420,3.5,e61ed7e5ddfe43682e4e5ac1a26fbdd99e10f7d3752c3cab49cb9243a49c0d05,a8e46514ae957789007f2e2e06ef2734e7c7344cf163af97c6fa5f1c6b4814d0,8a37a49f44c275bbdec813ab0003986a0d1b1c174d56ea2dd1a4474afedc0e9b,ab5c7bdee50fa3a3706de565bad04467e10e64932d326c3a4b8986cf383682c3,46.74485306930303,0.9838374833284047,46.75123443674947,0.9838412945745915,46.77067037682243,0.9829212978777764,46.797363671931855,0.9830011845902724,0.025817307519396593,0.04612923518238432,-0.0009161854506283262,-0.0008401099843190485,1.8302098539077625,1.8228704802348092,ssim_only_down,1.7814719501861056,0.9145740832719538,7.8830941358024695
Beauty_first5s_f36,Beauty,432,3.6,f9bb81a07521b079599365f72dc02c4d27a035a9074d3a933e500a0850035673,3cf106d6a7119de4c590f719f806183aeb35b7b832bdf67e068cbe8a2dd17ee8,59552e2954ac4df8325782e6c2a22c8f14ea61fc22271bf498fc4f0584c99c7a,747e3e986530183db1b235c0211f495220bb9ce16461b0c4ceaf09b933a1b849,39.82521144694181,0.9207867998879954,39.83826407575534,0.9209981535639565,40.018918109050105,0.9232476539517385,40.036938455809725,0.9235047321993922,0.19370666210829768,0.19867438005438487,0.0024608540637430787,0.0025065786354356856,1.8277332284706176,1.8086821791278962,no_regression,2.403204041883656,1.2987243125799262,9.252525077160493
Beauty_first5s_f37,Beauty,444,3.7,a1e2ae920557a0f797144766eb4628b0608f2761641daaab9d0c49aff4901f55,d5ca250a15ae22e42e3fb2dd9068181bc5396bad13b85c46b963eedd159f73b9,ce4a96a44db71cea7de1b8d1a1b9218198ca0b5f0999e228f67e88c934d5a19c,d49fa9f0a97a5613045216f38a5d200512a429aae633e917626357682562425b,48.20980326307519,0.9912749452134271,48.208387399572025,0.9912665983338269,48.7175519950459,0.9907581393274625,48.75694311613362,0.9908379776291136,0.5077487319707146,0.5485557165615944,-0.0005168058859645885,-0.0004286207047132784,1.7832363011693624,1.7578645817070506,ssim_only_down,1.7262789083044559,0.8759265098417247,12.094467592592592
Beauty_first5s_f38,Beauty,456,3.8,c60793e323a645a70b657555494d6e119d8d0c4ac4c4058e7d7d4c66b01d8616,67bd33bce3e0c8cb7c41d57918658c83dad6e1e49159269d764f9b38480f5136,62e52fcb5837ce8e36371b22fce604b6879cd6c3f51e1247569802c1ec465604,117da9774066400181369194f625a94cc7c10f57558611aadbf5e7e81c81d2f2,40.05900375676727,0.923673716343234,40.07522703814861,0.9238720039136897,40.25807790784577,0.9261933261180266,40.2788456076718,0.9264478610239701,0.19907415107849857,0.20361856952318647,0.002519609774792597,0.0025758571102804106,1.807162905725036,1.7755278426122525,no_regression,2.300359751149962,1.249450108587374,12.580989583333333
Beauty_first5s_f39,Beauty,468,3.9,f377a005d0fa653ef13581f6b0378d044039f4b8b6f95a1c588a37f41cc215fd,e490a9d8a07e0366db269a5dfad13ce7676af387cdf1be77f0e027da528d5332,7c4795ee7d738e347fc152618276a40ab7b8395f9dda520d3bfb39265a8741e6,7d96f0f9ef7cf1a430ff9636d9eeaee45f1bb424c8f19ee29cc311dbd22496c9,48.327101310847084,0.9913817486973086,48.32373648218721,0.991380385532305,48.6885325672195,0.9907719777544173,48.72623414064926,0.9908578789526761,0.3614312563724127,0.4024976584620532,-0.0006097709428912745,-0.0005225065796289341,1.787192315423406,1.761250258578967,ssim_only_down,1.7108857244235893,0.8590804776880476,11.521635802469136
Beauty_first5s_f40,Beauty,480,4.0,4a97a8542d73083fa0fc3f4bbd661f35fa5f3da4a75bac45b24456b4c17b3c4b,29feb843294f4b10d78aca028600c038eb5e322a22618686fa6dc4f1ef41157a,dfab7dad78a7f21b466c389d623dd475619f2c55ea26d56d7ad2b81a7eacf541,0bca010235306d5f83769d05e1bfdead17c2a5340bd924111ea717d096fb1d9c,37.58924657835997,0.87063487489443,37.60213966407187,0.8709599226320198,37.70536398469247,0.874417334307932,37.72178627404336,0.8747972135390842,0.11611740633249923,0.11964660997148968,0.0037824594135019707,0.0038372909070644168,2.3797115039343035,2.342176449408293,no_regression,2.423270625528837,1.3266863067742483,10.411832561728396
Beauty_first5s_f41,Beauty,492,4.1,b0ad0ee4b6df5233c4abc8788aa00dda011294f8ffa961a69920b180e712b5ab,47cf63cefca53e07d70d03cf19bd19e0baf4494a7708d2687ae709e61f746a29,a17271e3b249a9b4e131ba242d46e222adf106f0c1c4d199dc3bf37093a8993c,51d68725b67403e87d9a597d2004fd006ec198e492abae6c049dda93d2d8292c,47.25849182319989,0.9914313968230777,47.260732556347094,0.9914303317575311,48.08141682123852,0.9909829181836769,48.11196181679078,0.9910637755349722,0.82292499803863,0.851229260443688,-0.0004484786394007845,-0.0003665562225589891,2.3929729458096545,2.3494353220820585,ssim_only_down,1.692215079001445,0.8857424849382153,10.872567515432099
Beauty_first5s_f42,Beauty,504,4.2,aa33a9876b3917535c223cf5497d2c6b9e13697cf0627d4afb429bbbbb96942f,d7c8f71e876a85f4eccc2bca8a4f7290bc679e26da484c7aa66cdc5490a29dac,4d7d982a898133a613d3958e3c7458437f227bf6d5623d95d28a9bbc5432cd59,cde0355a311465b51f1595d429cd7be750240f5b0a9cb3fd73481e088defcd1c,39.57661029221489,0.9159596033689527,39.59729598370438,0.9161415179389808,39.7417760827758,0.9182777106337124,39.76360299531504,0.9184962802766616,0.16516579056091274,0.16630701161066241,0.0023181072647597833,0.002354762337680838,1.8070594741382002,1.7862980225051521,no_regression,2.2879104013407323,1.2547678628600674,9.828389274691357
Beauty_first5s_f43,Beauty,516,4.3,5534fd11d9448ee57021aeb762a5828f1709db93bd11b35519a4780f1c5e57ba,e687f37408b4b59c1c84fb27f7dd307efdbadbb4cbc72ceaae4218dbc3352c44,e0aa24b9b98948ac7bed1217364e92ec5303ea15539f3a07dde9491eebc3973b,fd7471c13974009b27a5b2fe71c02270074ef7eee3c5a5d38267ffdf5dfee24b,46.318642365448454,0.983432639833163,46.31971086621236,0.9834280443473713,46.593144788163755,0.9828855430397604,46.6165752568139,0.9829609450105856,0.274502422715301,0.2968643906015416,-0.0005470967934025905,-0.0004670993367856813,1.877044969321801,1.8548992664163493,ssim_only_down,1.6934752679734433,0.8801371739823142,10.274998070987655
Beauty_first5s_f44,Beauty,528,4.4,1469eeb5afc55c9f29b5590b506e9652605c5217de014cc14656a49fdd80e9a9,ccf905b642bbc1528f256c518624f59540cb689d1836d35a60e18226b48216af,33ee007551266502f6c8353d5206ac705fff857ea24aed9060d7dda9bba41e7c,eaf99a23d7e4558733214fff3c962fcd526939759994e8a90320d3e1ab47074a,39.702966757462505,0.9167510697407173,39.7183437888387,0.9169597493049467,39.85771976123154,0.9191706480025861,39.87684781051453,0.9194268814387007,0.1547530037690379,0.15850402167583155,0.0024195782618687822,0.0024671321337539354,1.8736819790951103,1.8513333160947356,no_regression,2.2208900391333266,1.2322821255359384,8.691965663580246
Beauty_first5s_f45,Beauty,540,4.5,078d0f897130c1a3da1aaa945636bc5b2cb5650555454dfa6d5213d935f88b4c,81d97b05f52be6016b870f2356b7d9d4509081d5bbd01593e8557d0c8e672d6d,adb7a9cdb704ea0518c556343fa7ab0ecfa7799cf3e562fd809f1226d885974e,a4b40bdd638034e3616b2bdeacf074b4a04c5df043d2a1fd21eaffd9824923bd,48.016918029848775,0.9901659151658014,48.0435199225527,0.9901792598025977,48.445542315660276,0.9897990249762784,48.50218707771272,0.9898952504387327,0.4286242858115017,0.4586671551600219,-0.0003668901895230725,-0.00028400936386496767,1.8362102276275527,1.8104973546883782,ssim_only_down,1.654672981271326,0.8668823753058175,9.5115625
Beauty_first5s_f46,Beauty,552,4.6,56aa4a382dcdfce1691a5603a83957e13e3382bcc07169611528f4e58d3eae5d,07b69b84ecbeb5b5862976a8048a18d10447eade75b640d5ca23986c59b4763f,7081739bbc7559f0f0dacc46389b307307c37b72a30d8a1b7143fb36edca97ac,dfad54aea6690ebec6455cc42ad46238c5f836e405ce9daa069087679065c626,39.822524181629646,0.918046588287491,39.83646752905559,0.9182231490607633,39.97047327595005,0.920643409586546,39.98885683887547,0.9208800510505198,0.1479490943204027,0.1523893098198812,0.00259682129905503,0.002656901989756544,1.8838159571520015,1.850398284792044,no_regression,2.2609106709944173,1.225765604082449,7.865329861111111
Beauty_first5s_f47,Beauty,564,4.7,9c967c2538b0f0d27da28d6fe27698f501004fed23ba6eef26f614175f14df98,c23bbc65586241bffa38bf06b403561095b8dad09e90cde7fdc569e4c3f9a003,d307c6fd7f35d6ff0e6c45f0af6f210ca0eea300dd2d9f5389a2ba1f15ce42f0,2e4da54383c82b50899d5effb0ae21f3db18ce1497a00eef133eefcdd9703968,49.27199751629522,0.9922553752028278,49.30062942774021,0.9922761028146188,49.33388512559553,0.9914672840391509,49.394081082334715,0.9915601080240288,0.06188760930030668,0.093451654594503,-0.0007880911636769516,-0.0007159947905899244,1.8402768697698744,1.8177851345391245,ssim_only_down,1.5180699332191772,0.7608977170012615,7.95204475308642
Beauty_first5s_f48,Beauty,576,4.8,536085d10e5c08f9dd4005b0de11def8116c0cabf9e9d8df45652b3cdbbbdd87,5177d98872949eec8854d5fb16db92a979cef1e6a76a1c816bd09e6cbe66af53,14802d18408964a0a8f2ee9873592bdd478dd4b3727c41959c30b8335bfbcef4,5d007d493a1ce52a1db3a66522a11c7f680f037355da0ee6789f4864037e1712,37.74314041969551,0.871655899150442,37.753014466233566,0.8718449387211802,37.878521928837905,0.8757838556074029,37.890483387679126,0.8760114399738843,0.13538150914239822,0.13746892144556,0.004127956456960957,0.0041665012527041245,2.4351116817195404,2.392900494910385,no_regression,2.492296846575392,1.3986694135728441,8.69382137345679
Beauty_first5s_f49,Beauty,588,4.9,afe2346911ea237b7b2beb55b664fb62b680be1dd10565d7324d28976ef3d7e6,9477e5d44c9d6238d7c98b2fd77bd471bc2c2e70cafb5ef495e35f6d06a6e614,029b160cd93ce50ba692456aee471214d57aec74f6e6af77bf3026da37364e55,030c8c238b6afd3ee2533e70a4ac1deb876c722c155beb707642825691595691,46.20427493238461,0.9820197865995824,46.26458753562965,0.9822108734549045,46.30293733613477,0.9816943821393161,46.374827227591794,0.9819351296558817,0.09866240375016133,0.11023969196214267,-0.00032540446026629866,-0.00027574379902284285,2.5111980549007056,2.467287687152626,ssim_only_down,1.7605721148685824,0.9166865134423162,9.956772762345679
Jockey_first5s_f00,Jockey,0,0.0,a44fec1ae821f56673b49e178f9e62bae18b2f6a8ac668b5d256866f7b191dcf,876efaa3348f2ef169ee67c55e4777c5f11a805c3479ff90e0390f66c3db7dd7,4d458a4119a43cde82e53d2d7b650a70416fa84900e15c2ed9e9ca77f2a44bd2,d013cf274e3ccdb3d1dca8bb89f85618fa60e103c9b8d7f7b9e935cf93a21169,41.82776585649603,0.9631910911195806,41.80730015473365,0.9630713616122898,42.721168580147015,0.9642836185636785,42.71536522150471,0.9642337113953712,0.8934027236509863,0.9080650667710586,0.001092527444097935,0.0011623497830813845,,,no_regression,3.78844025264939,2.232529669415068,
Jockey_first5s_f01,Jockey,12,0.1,ca12f07510fd2c81399ebf94815d53fd497d4b16e2fa8dcd8398fc35669357b3,976a4fdee89e0a6a4ec91d7227e1ad26f76b956331b315029c04b7461038f580,536fe06a3b6c03ebba1270eca5dfa938524581d81872345c2758680372613545,d9cc87f09ddc1dc21cb13c5ea00e3c7e03d9db5ae03e97ff722baa115d8c8f2f,44.96191298985195,0.9888281158180496,44.93693269475532,0.9887789614579617,46.378984636581926,0.9881411801218635,46.385435900938894,0.988153835398031,1.4170716467299727,1.4485032061835739,-0.0006869356961861639,-0.0006251260599307029,1.6116628140026854,1.4840148190142384,ssim_only_down,3.5433852081254975,2.072965074417032,28.423823302469135
Jockey_first5s_f02,Jockey,24,0.2,ee31d36c72e851b9f57f063e855dc0cd12a00ee00dbc82781756873874aa0f3c,57112426aa042297636a5797041fd4c9cea390b8ed330872b835722850068f16,a0b0c29ea5179bbb9ecd3aff8db1a2ec5763f01e232369bda446812bfe3761ee,7b595a8554e6c3ca2bde4856c51d04e4758cc9a5d421a5192e159b553c4a320c,43.42754419787984,0.9781009670340817,43.404587923882616,0.9780095707610877,44.49256748695737,0.9782286675078677,44.48846019849369,0.9781963799280337,1.06502328907753,1.0838722746110747,0.0001277004737860743,0.00018680916694591154,1.3548588939455442,1.233015630854618,no_regression,3.5456755724482525,2.082695979759281,24.891805555555557
Jockey_first5s_f03,Jockey,36,0.3,bdab4c900f182bc77f56924e362994ad5a3d0cc67001abdb6a931c3ff8498ea4,6ad83cbbfe8250f81196b868712a1c455be0804b82b204549502231dcfd2b95f,05886a362c4ce801736bef075250ed53916fe7ef3e2fb8e959dcc31660dc2a8f,2933c10398b32541d3e7c5b9ee4ad9b8f23d492ea6e4e94ea897a8904476e21a,44.6588911573957,0.9865802392569872,44.630583916353956,0.9865130137066922,45.979173620457985,0.9860592734802481,45.97968761519385,0.9860553655696659,1.3202824630622843,1.3491036988398974,-0.0005209657767391018,-0.0004576481370263119,1.3994259546930619,1.280265082472054,ssim_only_down,3.5597941317000883,2.0453507347570525,24.857349537037038
Jockey_first5s_f04,Jockey,48,0.4,924c304336279bb71ea5bc636c535b9adc5f91b6a8420070e270d00f91aa76aa,3da8135d95089cd49ea72fe69c59c9481909c3542f165f7b01330937ecbabae2,91e4ef0378bc3b58de9d939ca48ad644e6151c697675525d572e488d9623dc55,60570764c5abeec66c8d720499651db7b136ed60388408ef15b391644af8d070,42.34142263183996,0.9684732108720082,42.314451809069986,0.9683273852893806,43.26974259066972,0.9690378645621833,43.25974975935155,0.9689648385007684,0.9283199588297606,0.9452979502815637,0.0005646536901751098,0.0006374532113878617,1.5209248930556423,1.4036900682258164,no_regression,3.747303792305096,2.141190807605967,24.653694058641975
Jockey_first5s_f05,Jockey,60,0.5,161cb89cd6185e5f2fa44c2876fe1da18cc1793e6c508d6e324babf1a39e6495,30af50db4f1b49fe42d255cf10dea214f60a034bb2089a3d773b67b1e33aacc5,639aec4bb40ae4f13b9a18803125af5eb4d6a158262b1d0e6c45011a7ee42ebf,ced7ae3f1d6797394a7f8a0f288becf49cedb6a5212802e7038bab77b2765b89,44.72012272039363,0.9865600628768245,44.694946427238555,0.9864868338346148,46.04198004993247,0.9860454782526168,46.04443948715648,0.9860364930227764,1.3218573295388367,1.3494930599179256,-0.0005145846242077257,-0.00045034081183836783,1.518630370636358,1.4038361897364642,ssim_only_down,3.5518940107101606,2.0098369544302974,25.293206018518518
Jockey_first5s_f06,Jockey,72,0.6,6305c455b7e30919b7634ba597c9a6f983b681ea37636f47a0738fb4671e171e,31ee290d33dd898d9a3e5bf5e9d914d867ce970d2cae6a43af917f7ef1c26022,89deb67940f8c46a437634aa128c120f1e1fbe6f8965b091f2128ed1d109ef39,4dea9afa4f6e42487f136a2dd59c9e64847a94a1382c5b3b1e3e3f5d2e70a2bb,43.082999556574094,0.9735898827951657,43.06282760079804,0.973481382462153,44.03903529399015,0.9740139632422904,44.03480011522434,0.9739659413597943,0.9560357374160589,0.9719725144263052,0.0004240804471247195,0.00048455889764131843,1.4593479711796664,1.3459395052067071,no_regression,3.6898603184822556,2.072653484719771,25.169938271604938
Jockey_first5s_f07,Jockey,84,0.7,daa00e83cc0afff14268b489f789d89a816df5537fd7a31c8201c81248c07fdc,6a587135fcd6ccfd17c04a02b4f010ab776430b1f883b96660152084b822a68e,6b900866282c9f40efa6ad7b55440d6243b57aba5a66dbde5dd77ba473b33ade,f984ad91d3c00d93292eae50b8a7bd8c9378f58fdd2487fa7ba47af6092ce980,45.49763505734993,0.9888485651370291,45.473532467496234,0.9887969476078349,46.7088186197929,0.9880706626169484,46.718882756011304,0.9880819132588281,1.2111835624429688,1.2453502885150698,-0.0007779025200806977,-0.0007150343490067712,1.4091882864703678,1.300319466995566,ssim_only_down,3.5609124734923094,1.9820943564102973,23.747264660493826
Jockey_first5s_f08,Jockey,96,0.8,05b6fb615dd40a80b83199591f9c94ee6538ff664c49f180381b5d009052fb69,48b556029f0ba69a45235810ad0fbdc05fb3647e1662a9fbc47fc659606754af,15cb8c7befd3781669d4f34e4b0ad1c9688a5cd348e85d567dc9ef559e33ca3a,063a5793140f6c79f7e7f93109d98c2fc874fc4cc337a47a377ad870153cde2a,42.12783421360565,0.9614139143666812,42.107791384704115,0.9612759947154962,42.778354436596295,0.9619205581574977,42.77209206168188,0.9618387050928088,0.650520222990643,0.6643006769777671,0.0005066437908164412,0.0005627103773125919,1.5676923144476362,1.4695132958377568,no_regression,3.650992909882378,2.033776426664841,26.41201774691358
Jockey_first5s_f09,Jockey,108,0.9,25dccc7aafea0ff51e3b82f303e458db16a314246dbf9406e5ff8f0a8e0e6a6f,bf8b59f07714966cd039e7804d72170abb5ab4fd22c9df08fa6447276cd4f2b8,6a8935687d29612fcc52aff0cceb0040ff3d9c21e27272374fd5a1d7f6427b73,ca31908e53005f2d85f95cb5c4cf416d175f9795125023faff7eba3c5b3975cd,45.73556018460955,0.9890869460162798,45.70553287456542,0.9890400141906914,46.91550999718398,0.9882353532646805,46.922939506646976,0.9882476486197431,1.179949812574435,1.2174066320815555,-0.0008515927515992949,-0.0007923655709483057,1.5597124699462936,1.4647009217120464,ssim_only_down,3.40004531322962,1.8727055442848324,26.72447723765432
Jockey_first5s_f10,Jockey,120,1.0,414d3b32df5115d6254f323bf50cfd4f57616270fcb758b1608b863c8f78a882,dfc7031917e1afb17ee78eb72dfbfc0ba4b545ef7584b39d508b3fe1e5124ecc,deb69bbbd2756b8f5eb092c5bea1ef2d871868af7acc64077781c846e8a0a495,f6b82688c4cab7dcbea5e9c4fe0cd9c99a3b02197f7607b1a267ba1112405519,43.922775659009275,0.975132979698351,43.90167643027135,0.9750432213001373,44.595773559601795,0.9749678450421692,44.5952651991002,0.974935408864677,0.6729979005925202,0.693588768828846,-0.0001651346561818423,-0.00010781243546031938,1.3394718597779929,1.2565222885311933,ssim_only_down,3.2737149020745213,1.7803935859747875,29.993940972222223
Jockey_first5s_f11,Jockey,132,1.1,7835c61205f044fa2a932b7bbce64b67a6daf00778c4a534ff615e7377b55728,3e33621f522babc2c3264f7df7f8b5c1de76d1f9ed6e468772daa37a8c8f85fc,43fb5be2f14865d03917f6c166bc92aed7f870db40d2f76b5b1d452d96633bed,32db9d2f9b637847dd73d1a4fbcd806d7b10c0895dde1ac73b17e4ef172d1420,47.081382526758645,0.9913749633075372,47.061735796488755,0.9913529807166734,47.88364736443014,0.9899282671708878,47.8975400259459,0.9899460018839717,0.802264837671494,0.8358042294571462,-0.0014466961366493836,-0.0014069788327016886,1.2755571157028665,1.2154506787453945,ssim_only_down,3.0590462431931407,1.6491558806027895,34.36864197530864
Jockey_first5s_f12,Jockey,144,1.2,c68e6c26341c014a2b8ea2974c1cfe69ee0d3c0a3b0398a39f87400f5f0245dd,2b9cf47b6a5a3e74473af9062a668fd709ce0f1d533da9c1d593aa7284817982,a424103b60a5676e65a1143d599f0ae4b4f8b2ccdea6d188de41dbf0de384209,791639ec74e57ab21ed02ad2b74b8a6883069b5eb16ada8da0ef40728dede317,44.46760784647843,0.9778692588301964,44.44929538783161,0.9777851077803066,45.08995328973727,0.9775946182220114,45.085940239530444,0.9775532088940985,0.6223454432588369,0.6366448516988328,-0.0002746406081849395,-0.00023189888620811505,1.2261659715933928,1.1660214796181227,ssim_only_down,3.3709301917331116,1.8040544872666582,36.29114390432099
Jockey_first5s_f13,Jockey,156,1.3,aafe0a81974992856d8510badb428fba2e2d5cbbdda50c54e2f38ac2c67e9367,c63d432b956cb253273a8c22c2180af077b4cbad96eee9e21772715513815ba0,f41fcc1bff55e036ee876c6831786a98225767392fc6318d14c0c9ac477b92dc,076946bb323d60900a23d0fb4fe4c1f5ce550b0517bc96eee8ddc38081228b6d,46.697779021158816,0.9901713660135908,46.6854496728785,0.9901485468128656,47.538219338395166,0.9889466132929314,47.560165704462456,0.9889745661457842,0.8404403172363502,0.8747160315839579,-0.0012247527206593611,-0.001173980667081409,1.2496094481827265,1.1868506252732156,ssim_only_down,3.277322411951583,1.7447653488538883,39.31071566358025
Jockey_first5s_f14,Jockey,168,1.4,a2f02c5c862954e77d4b7a6eb3b9da7d093db37df0b98b3016e32a64ee1306ca,a2ef9172c21114f55b31c059cba6649241540c35126ee589295a133cfb273df1,abf06ff444facbcee6658562057f9324f4ae9da66ea68343551800299df20bcb,3e496ed4879d0ee7aeb4ac9e32e7f5de258af75648ac7cc01c6be515b006c8c5,44.68980240301322,0.9798643515862108,44.67392885945182,0.9797775442296676,45.30062131778162,0.9793877285992346,45.3037158886574,0.9793530974842755,0.6108189147684016,0.6297870292055805,-0.0004766229869761496,-0.00042444674539210414,1.2161576238837195,1.1589310491865983,ssim_only_down,3.468214586809803,1.825660790907748,41.85479359567901
Jockey_first5s_f15,Jockey,180,1.5,382166ba01306836e3608a98330afb575a1d0ba6aad7aaa1f7814afc59a5aba2,9763ae3ff56eddbe42155aebb0a4359be62ee3643c8288b2b013928f5f4a92a0,069739909ed77f0e032231c8dfad524a186e7d58d818fc4013462445c58c450c,5e10c17faf813f18c468bd852797d26f1ebc76b1f0bcaa05cd916fdee155e4ad,46.90923999205225,0.9912385109793193,46.88668877423395,0.9912136421602519,47.5840786750646,0.9896271130458681,47.604220141956276,0.989659804791119,0.6748386830123536,0.717531367722323,-0.0016113979334511086,-0.0015538373691328378,1.1816264763395365,1.1331479208299506,ssim_only_down,3.2135497246159392,1.6795370161790906,39.883273533950614
Jockey_first5s_f16,Jockey,192,1.6,46348062e267883cd0b7d3331d96a1b35698a195d8b3780097d55a9409451528,ae777c6d039663fef428949ed0a58a700eea0e9c1b08f2eeea52c3b037810ff9,773308b3ea48763d49dd46f47fd7b2c5fc380275393a5905e9a6b21ff89ae6f9,c55e420dc91e3ec0cf3604666ab9b6465b48e636ead48ae770b69500d91abf4e,42.85665188922881,0.9640946015292303,42.84533980232056,0.9639937185926183,43.187303839548086,0.9635670403459019,43.1879815706559,0.9635191104096701,0.33065195031927885,0.34264176833534066,-0.0005275611833284177,-0.0004746081829481996,1.418223181945919,1.3769769093861237,ssim_only_down,3.3075967041686543,1.738551754153069,38.7793074845679
Jockey_first5s_f17,Jockey,204,1.7,41a12ef8195f0b67fd5bfb089fe2c87e5906d6ea33f7640f9aaf91d4865fbac8,0343a5cd3000222d6dd4294c45981810b94c378dfe3fa7907332a15d20902e01,94bba7de3c60e10f055f07f381ab192509d51627928d4f4a2e628268af454805,29a28f06d6e5f6b45e498d498814effc3f5cfcc12d768b87e0bcfc484e32e1bf,47.23704577784883,0.9923880998437469,47.222639727806595,0.9923648241692439,47.6296515193604,0.9902376476223645,47.65175872356771,0.9902663777118009,0.39260574151157357,0.42911899576111523,-0.0021504522213823263,-0.0020984464574429484,1.3861621953647036,1.358732943545869,ssim_only_down,2.9324136416990303,1.5230981832521933,39.37840856481481
Jockey_first5s_f18,Jockey,216,1.8,54cfdbd0c04b3a63da5a6a92f09587a71ff0e3cbb59d144cf8f4db680570a329,c6f7d5ba2501b9b8a39788a1488885ef236d96e11c72a39af457a6f4b02c02a4,cb568415486a239a9ba3cbc2b8e702a2958e1e585fa47cc7a5127733a8f2a4f1,800eb5204a6a2738d03157e0bb19ae2d4921e5fda333809bbba30a29672d6e9d,44.557188893269455,0.9791227366284112,44.54041179680627,0.9790580921291038,45.02732377483413,0.9779712306856982,45.0306853174667,0.9779540649904699,0.4701348815646753,0.4902735206604305,-0.0011515059427129604,-0.0011040271386338896,1.125664499156935,1.1072533107865485,ssim_only_down,3.0591107451883652,1.6078658158838013,33.89661072530864
Jockey_first5s_f19,Jockey,228,1.9,b0c44735ad6049783fea9eb1a5703e4210f846d4d5ddea28b45d06c759abd6e3,eaffb79a2a04a7b13546f17b66a0904845f1186c32d93256298a73abb4b28391,04fcba0125048a464be7d3e308bef339b751784b176193d69329e2aa2066aa10,a7c107deb5419b514984646352f951c2c76c5545ae6632ecd5f97114b9fdf02b,47.14850246191058,0.991924995118778,47.123376853348056,0.99190041754363,47.879938206715345,0.9903357817691528,47.8964683596227,0.990360597453433,0.731435744804763,0.7730915062746462,-0.0015892133496251404,-0.0015398200901970416,1.1410634865031537,1.1140704037344658,ssim_only_down,2.808964097094637,1.4368960499138008,31.919868827160492
Jockey_first5s_f20,Jockey,240,2.0,18db4bde3d0de7616db6db47ff8fc5292fed17f29c8b1c42d655379c08156bd2,974a826b4f4522d9d5fd8564684185611551dfc1e14f7f020d8c585678ff2aa9,bb524e8b515988cd525a34a35a434a63cedf6322cdfcbb4762b9827a80c8a1b7,4e4b87eef173c02d52d8419773fb2417711b97d7f1b0b6e6926164763e852834,45.06890590224302,0.9803313302479915,45.04928147566312,0.9802700117685375,45.55414080639338,0.9795523761189587,45.559450493750795,0.9795427173137692,0.4852349041503601,0.510169018087673,-0.0007789541290327273,-0.000727294454768268,1.1146979456145008,1.0887173458674202,ssim_only_down,2.913425368718969,1.4924688246993372,28.99027584876543
Jockey_first5s_f21,Jockey,252,2.1,47c98b36cc17743a994fd9bd302e97521d7b849514d784e5d1a2efc5bd0658df,9ac2d4040340713b6fa1cc23776aaebe6a3695248a4155044f23cb88ac250df5,4c8979ef824b7f4e2669c5ba5964dd96754ce2b0c10d71e749de527239837bd6,5e39375ecc9875c7572bff30cee16c4ffe5d40d07493af5a85f846678ae1995e,45.74533192683214,0.9902451212387845,45.71533335492198,0.9902106644762604,47.05497813590658,0.9893428245565155,47.057528221617716,0.9893535728816106,1.3096462090744438,1.3421948666957348,-0.0009022966822690437,-0.0008570915946497504,1.1570446424389558,1.1214714948401299,ssim_only_down,2.600985469484557,1.3726361644746345,32.246257716049385
Jockey_first5s_f22,Jockey,264,2.2,cc19be498825c885630ff49fe9c672c5f184b21b6f0d90326db42d6382fdafb9,86dc033f42988cbfc70f703b02715766f595e4d3dfa614f9b4abdd04560e914b,90a4bbf9026bcc5e43ffef35339257af7be8141578d8062b2ae91a1ff797e4ee,12704fd64cf0da5b141a5dd9bde33a251337ff6cbc5c7ae7ca719f8e3051d82f,43.80958078803492,0.9794130455935133,43.78097256628669,0.979341498211296,44.934701054688674,0.9794825365037035,44.925320845741425,0.9794562366229779,1.1251202666537523,1.1443482794547322,6.949091019026188e-05,0.00011473841168185839,1.1923701884796727,1.1445353970211702,no_regression,2.75778366081742,1.4823314000279815,29.625949074074075
Jockey_first5s_f23,Jockey,276,2.3,45619c1238bf25b2c576991775b816b421a66c52f50cad7141c4226431ae9d87,bfbda5ab33e489194e0ad16e96c7f1e88a600b6f374184e68045f4ea38b257ab,18bde3be9723c99b358b7410567a17cd7a914eb17c0305e8ef74ee2e3480554e,28b04be43f233b994cce03ab75ed9b3e96efd46aa4a5dbd740647aac654bb4a0,46.16378974134847,0.9912710314141299,46.12851044100979,0.991228648444825,47.54768664609309,0.9906725956871921,47.548658320436815,0.9906882581226022,1.3838969047446241,1.4201478794270272,-0.0005984357269377405,-0.0005403903222227502,1.166198215902704,1.1212834152329358,ssim_only_down,2.467216032757938,1.3103945798307288,33.16703703703703
Jockey_first5s_f24,Jockey,288,2.4,41e65df1215a9f0005fe92c15ba094443b923600ed64d9c191a24d7cb3754fc2,4fb20e4088c9f570c6743aa13a35254bd50bb0dfab12dd94af0b0ecccc8a089c,97da25c054e31b09dae3e73c8a385dcdf262f611fa965ac530fc97b5aaf8b331,10ceb0ccf1a93886897453d805dd010624492596bb7d1533e518570e3d997300,40.81962993954053,0.9549694152790277,40.79429970864295,0.9548388806783262,41.7187076066885,0.9559887686378433,41.70490221678797,0.9559088788162641,0.8990776671479637,0.9106025081450184,0.0010193533588156445,0.0010699981379378443,1.5712619239055767,1.5072797297508274,no_regression,2.881707669888718,1.5836351336593981,41.75221643518518
Jockey_first5s_f25,Jockey,300,2.5,5dc00c9ed644c889ecef3b1481f1c13bc9818228b8d9e3205888dbc51adf562b,f8a32384db5cd0564700df98462024ec038424617133a7eaaa7b804a50d3d966,d1d2b9905a9752137e4a65f621d5697b5eb3d00b14c4bb126d76f30f0341a8de,6885973c31430b8641690563ecb68ac75038ae378f2cc2a2a1bee97a62a8ac40,44.44588972692773,0.9896337200075713,44.409127762725916,0.9895742097010735,46.11497085734641,0.9889181438673628,46.10220527600984,0.988905621417459,1.6690811304186752,1.6930775132839244,-0.0007155761402085625,-0.0006685882836144907,1.6165671544214075,1.5419554131799162,ssim_only_down,2.637920247681392,1.4116509108226976,37.774158950617284
Jockey_first5s_f26,Jockey,312,2.6,428765ec310073bf7de12ea7c5aa19967c2be5886e1b631a5a040d4f888ac579,8549a2dbf4c385e60e3984639bae57d6160153bee30ffa79fb0357e62158830d,95939b53b27fe7fc6d077903d98b3b49f87255a81554a98cd98ec3e579455593,ec6f1d6ea961e1d82b8f4dfb2a289b30832e41fc1ffc3af017f295d687e37252,41.626111025094616,0.9774899459850587,41.59171619351267,0.9773892246444201,43.09447360806012,0.9777931030976499,43.07168481260729,0.9777390102606636,1.4683625829655043,1.4799686190946204,0.0003031571125912125,0.0003497856162434365,1.305598381002935,1.2422911755292574,no_regression,2.8394777273329153,1.6070380316545934,42.75111689814815
Jockey_first5s_f27,Jockey,324,2.7,9598d6fe92d657d848cb4411bba627d40508dea5666af43469a9cf92d0a3f31f,a0dce72ea71865d8649d23591229e451df65e0c8544e16f6fa44df07ba3dbde6,325eb8993e21e16b606ae4bc53c193e5185d0cf5ec4af87e6636aaf2f415a296,6bdf635774795e60fab7796e58fc2cdcbd6062c4e70ac60c63fa820e2333e0cd,45.891258536038606,0.9910512246973285,45.8561398379201,0.9910099992961495,46.9120367047726,0.9900400492580436,46.89981745009042,0.9900350723348985,1.0207781687339974,1.0436776121703204,-0.0010111754392849726,-0.0009749269612510103,1.2551542594298382,1.214896441563105,ssim_only_down,2.4779034824133888,1.2663792736258035,41.29163580246914
Jockey_first5s_f28,Jockey,336,2.8,5aac5e0a2b68c5471341cb5a85386f6ea5bd7cfb69d8c089cb1b589c8743ffc3,c23dfa721cf4287155ff11cd0a7ddd7946901d1858c3f9f08280f49c9ea7efad,e1f9627aa5d4dd85a2767ec93fe0c0b8208a8de5a3f037162d1a48f4e6f85661,55423dc6418f9958de196b97049cd775b6b4f9c4d20f6d010e4bb565ce887f79,45.58786255751467,0.9818132094206751,45.572878054194675,0.9817549345435034,45.94031455435827,0.981262300821663,45.94051644041504,0.9812367066745723,0.3524519968435982,0.3676383862203636,-0.0005509085990120788,-0.000518227868931076,1.078189888684194,1.084616307843627,ssim_only_down,2.525536564437764,1.228107094106115,42.61864583333333
Jockey_first5s_f29,Jockey,348,2.9,49bd17bf65ba6e419f2d39da0e34272fac6aa8a34dfe7e53c9e80486d890b107,eb90991745a571d0b8ec475b9b20626854a6597826db52610ad2ec39351e4ac2,6a17f5c317033ff1963de5a47c60ec4d065ab20d0065f74d1e60ae3ae69eb096,567ff6df7dbf9f17a509be3f526f395dfe35beacbf192e42511220bafa78c630,48.94306756922899,0.9927226396686074,48.92904689740904,0.9927052386110216,49.05207803443048,0.9915373828390713,49.05916361060938,0.9915462053574451,0.10901046520149293,0.13011671320034424,-0.0011852568295360744,-0.0011590332535764691,1.014251238251733,1.0391244613751327,ssim_only_down,2.1836642727300313,1.0489754560663376,41.77367476851852
Jockey_first5s_f30,Jockey,360,3.0,061e8af50b12b3d6db68e1058c2dd7a62e7afde1148371d1e4544e9ce93c6378,1a6e85ca6f9da15e19696c8212391dfde1a61e522c763f4cb3f03c132442092f,7917b249dd37218c03b0766ed65a66c952aea83afba866018f4a41ade1389053,c37af6da015b41401befd9e122aeae928042debc346cc64091904714362b29af,45.759916230286265,0.97948379253364,45.74901876302788,0.979430219321046,45.9587340984246,0.9791324925394209,45.960332942118136,0.9791036554720908,0.19881786813833457,0.21131417909025885,-0.00035129999421912306,-0.0003265638489552414,1.0485317349575345,1.0698179067398363,ssim_only_down,2.1071051731814894,1.090539808402091,37.99162808641975
Jockey_first5s_f31,Jockey,372,3.1,e775040f3c6d9504f829cc9b5765e3106052516d9d15d41b39131119d8da8fdb,74c14cab6224b9492f73cfc1bbd1c606a5fcab38765d9642a588a3b7d5057f7b,9e229354aadbbfea358e5f09146dd682737c208e1763a488804b1b3bce4bbd37,d339836ba385dab7f16800e21f750ea57a7dbd92b6b692aea9384dac61c6c392,50.10336980677934,0.9931649664813343,50.121184921857136,0.9931667328407963,49.65493020359166,0.9917773646470062,49.67685948510352,0.9917896320066267,-0.44843960318767984,-0.4443254367536156,-0.0013876018343281782,-0.0013771008341695312,1.0181821264363329,1.0457250554237183,psnr_and_ssim_down,1.65512216609714,0.8402927068023034,31.37525848765432
Jockey_first5s_f32,Jockey,384,3.2,0f6a31250c058d5a4cb17a151baf8b83ef7c54b3ba41da7f2d08d4f97bdce7dc,fcf1c0f73154e588add2ff66728d800fafa9321d5830e1fdd30a1bd2a2fdfeb0,10428a0210fca45f2aa6a1a649364943c412abb3994fa34db112d2c2af24f0eb,f4185b523bd3838b7f5dc6ea4bf51a8d139646b4ee69d179ee0c53143b966da1,42.78021237289696,0.9531612621806878,42.7780435773884,0.9531338009336779,42.84409822169068,0.9535245635365968,42.84547234587171,0.9535136036497769,0.06388584879371706,0.06742876848331036,0.00036330135590900703,0.00037980271609894256,1.4181989096749517,1.4284119250765004,no_regression,1.725228232283107,0.9466397662184857,24.109639274691357
Jockey_first5s_f33,Jockey,396,3.3,85bdcd97b28b9732d734c858ebf6479ff0a8c84e5aa0ccfdefb7bc3558bf7602,5232baa4e8e68b35742706e7355ed640c17f74dcf4cc8688a23515bb65a451a8,fc71f55cf5caaa4176ce55d917de8377bf5c8a82d4d076b1764ec8039bca28e2,25e2f20e5e5112ac48f0bd1668fde3524258fad27211ad14a5bb8461264d40c3,51.02502227631948,0.994078901161141,51.00639566357252,0.9940645874145997,50.08691020666953,0.9921998187809983,50.0907390732936,0.9922056450711925,-0.9381120696499536,-0.9156565902789211,-0.0018790823801426715,-0.0018589423434072216,1.3937953976846937,1.4122995281177793,psnr_and_ssim_down,1.274481125903506,0.6890201671807854,19.160424382716048
Jockey_first5s_f34,Jockey,408,3.4,658eecb9d6fbb9b5d4f249172df5c765ee38c9aa06d55e3c3730ac6c58032c88,25c6849f88127f05be6603d5d74967765653d2f76ccc977690b1c8b915fbaaab,d6346caf2acaac5b7a102f5743a8cfe60c5686ba08566563d44fd88c6ae39a28,dd02de7536be5eb41766eed66cb83e0fb38995638ce0e70b328d89c0e570d6aa,46.176359784332845,0.978957658538193,46.17437439984903,0.9789465908692939,46.069907172337494,0.9781676946084232,46.07594197960254,0.9781769274498763,-0.10645261199535128,-0.09843242024648902,-0.0007899639297698213,-0.0007696634194176433,0.9858417038109661,1.0303970553222381,psnr_and_ssim_down,1.4885582888320115,0.8277503143122167,16.274722222222223
Jockey_first5s_f35,Jockey,420,3.5,02cfe8325116d9cd507686fdc9068a90fd1edcb898657b6fce316e7a17427820,1c8df9dfad51dd6d044bbfbc37031f6bac8dbabf71045b3a27fc99759408814a,fcdc9d2bc89fd78a148c77d261f00207b2c0bf94108575268aaac3d2a6807211,672a969f81d4a128ea89e97bc892c8d7c3264b97db3d21bda174a2a3d5523532,51.1402470407831,0.994229109293852,51.12378364981015,0.9942185754339116,50.137665739980704,0.992218460421344,50.143312472354836,0.9922243689035953,-1.0025813008023974,-0.9804711774553141,-0.002010648872508014,-0.0019942065303162337,0.9814362256447886,1.0273871717510772,psnr_and_ssim_down,1.125032437125112,0.6119934353894657,15.205787037037037
Jockey_first5s_f36,Jockey,432,3.6,6b782fa1ecd1aecba883aa37a7bb0525f9d26013f70bf460ff0c6927b3090905,2cbe9cef9b1bfad878d136911b5e2dbc175fe7436871858bdb97bacdb975a914,fa6c8cc58c29d06df16d0dbbb182525b1ad2d129571de4645ce39f90d330e16f,a701d25fb95d7e45c7ad46d1ca85f9d97123abe3b1e2d2bb24c5a6910cf2b546,45.87835349519399,0.9773698369747195,45.87694437515994,0.9773583442851468,45.78878370686357,0.9765866587753753,45.79310744081073,0.9765896527471082,-0.08956978833042228,-0.08383693434920758,-0.0007831781993441478,-0.0007686915380386017,1.0083635659308061,1.0536226913289202,psnr_and_ssim_down,1.458844566406154,0.820421901665352,14.723829089506173
Jockey_first5s_f37,Jockey,444,3.7,b0cb23e4612bdcd1619d2368953fe2eed88e356a8aeacfa4801a8bb0564675f5,062cd1096e810cc9e644afcb5a08e623806dd072e64617b7eae48759133a1954,01e1e6c2a71334ca3e2be5394d71c3f1951cbe0e0c1f5b2734e69e9e267c6f0a,90f9e8c38686c8ac99042e0409e40f690ab8434e119d9a402fa5b281817de891,51.02286232403544,0.9942658530153534,51.009288861561174,0.994255013879207,50.08742203418953,0.9923102387423293,50.09429327820514,0.9923170098764544,-0.9354402898459071,-0.9149955833560313,-0.0019556142730241532,-0.0019380040027525691,1.0104493956082559,1.054686524230313,psnr_and_ssim_down,1.2270874696741485,0.6588760615572518,15.697197145061729
Jockey_first5s_f38,Jockey,456,3.8,ea9317efc6e24b8adeb3f73b82a740ee02b7ea2b7e8ff562a80c96a5ac3a2d6d,269c12410025dbdd039466dc12b17366fb0657b69d43d5e80960a9e4c503cd47,4d87873ba9bbd6b3c440d1b499eea7c9dec680b4af6b9db89b4fbb577b7fe0d3,fb80af972f116e7caff3cfceb0c178e699a926e49cecade2447afc1408cb34ba,46.15053044046939,0.979038414253053,46.147346590138994,0.9790319417983084,46.064670988105036,0.978276720033754,46.068923262292074,0.9782858320042566,-0.08585945236435322,-0.07842332784692019,-0.0007616942192990583,-0.0007461097940518746,0.980399226409792,1.0250743536501592,psnr_and_ssim_down,1.4857547533593545,0.8195486863490976,15.848308256172839
Jockey_first5s_f39,Jockey,468,3.9,078e8bc4597255e36dcb4f20445d8bf5d321bbfb8348e72a3a564f4acd872220,143bf707ff158c3a803ead4fb8965297d6ba2d5133d83f893d06fa4df524b81e,91dafd8b4cfb9a97ce1206d596d22777f0a4ebd006758829b7b8e01ebbcd27a0,4a004f81fe4491694197ba2f02bf74e7553a93279c8ef597669bd5b8814cfbc0,51.03543752748952,0.9942846411341191,51.01473321483699,0.9942670432688421,50.145977826324575,0.992390284300803,50.14646676555839,0.9923885190994143,-0.8894597011649452,-0.8682664492786003,-0.0018943568333160687,-0.0018785241694277977,0.9771662574939112,1.019906799358334,psnr_and_ssim_down,1.106221869277461,0.625356611524835,13.591921296296297
Jockey_first5s_f40,Jockey,480,4.0,6a4f5e3d42bd1f21f5cbd6e93249f7c35e7e71ff07c43e184faf647e94a9299d,464089931bc6a74bc5f39281d81b1f84934e481f16c73119516a47850ab161f6,c90afeb064d5580487d58e1cc0769d0197caf342061e111b80943bfc3f4ea377,e999a4d35685cf3bd32c54638b1c9f44b9c1da6d2d7be9fe5b9fa6bdc7064233,43.060821363403804,0.9553875298448569,43.06037164774808,0.9553839924524932,43.075523282199256,0.9552834230577876,43.07881969365155,0.955294969182701,0.014701918795452684,0.01844804590347593,-0.00010410678706929133,-8.902326979220998e-05,1.3429315731749203,1.368083866428839,ssim_only_down,1.5032639012712656,0.865446885154571,12.62151813271605
Jockey_first5s_f41,Jockey,492,4.1,3e047d2276e7a4dd2c77b9f74170fe7feb1e85c4471021d58b8617943e194e94,bccda3f7557f8f2d2c487d80d2ce29a44c70227d922fb8804bc30071d0bb758b,d0e92d0c7ea540cd28ea6cf513cf6a2847e623d1cdea541d5996c7f0990c0c23,b690f6564fea69d3262a614b89dafaf16723cc4c9c95802e22520659e373cdae,50.780293339708706,0.9940589911086157,50.78372163753774,0.994058112023179,49.99452677122186,0.9922060331868429,50.010038130595014,0.9922155859866212,-0.7857665684868493,-0.7736835069427244,-0.0018529579217728687,-0.0018425260365577678,1.348872181001374,1.3732458100449634,psnr_and_ssim_down,1.246243639063308,0.6995753598654711,13.045625
Jockey_first5s_f42,Jockey,504,4.2,f198300074bd45fdc0af7b31062e560bd88a4b9f13f2d1485628fc269de3dea4,eaec3d39577f27361e9a7abf09793cee7786f871a5118a2f77ac5a6f2902fd88,56d13f53cd7b5b8b41ae879f600a2872ce346aeb6a8710d0047f767e9789f6a9,eacd2610c7341bdbdc6150283ad06194812e099e893485ae87a480ac871ae833,45.239398227530074,0.9768397964331198,45.41485827799026,0.9769200710095146,45.362118908419674,0.9764255658245184,45.51737453099176,0.9765165039744083,0.12272068088959998,0.1025162530014967,-0.0004142306086013514,-0.00040356703510635583,1.041064779397989,1.069821809818585,ssim_only_down,1.6645830449336705,0.9431198428663207,13.831801697530864
Jockey_first5s_f43,Jockey,516,4.3,8d47843b5e9d474f701199b88b1e7e839cbac4b4dbcebbbae2b2946168b846be,a7a51329c5f0cb8207695fd83bee69cab54c5906cdc7c3f03d369ceffdd79b7d,3f6e69b2a55c907d6c5788c0d2e806978ba8c9c96922e4523684df92839ccdc5,06dd85ce7b0e979460a48586c38f069c2be08ebdf41a0712fd500f4a32eb18a7,48.69914214755738,0.9932200870457252,48.69328905082436,0.9932050587615782,48.8455351731751,0.991702953549893,48.85467372340418,0.991707232231402,0.14639302561771927,0.16138467257982114,-0.001517133495832157,-0.0014978265301761606,1.0758142554096672,1.0954268602073316,ssim_only_down,1.4476568522694044,0.8207747822448059,14.447930169753086
Jockey_first5s_f44,Jockey,528,4.4,adeb54d302cea163c6d67a6e9c7f3a7a7c893cb61311547787ba239351d05d1d,71d4725634c07214d7a3146d8d90d51671b8a4eaeababcdfbf29bb67890bcb29,5a66905f320eddbec141bd659bc2a458f7b5e419e8bcf63d99b43033305d0131,87383480132bb59ab9880d504111cc31b083537cf5fb1fefa8afda8d1025b632,44.97280585556835,0.9775642648170322,44.98650346049959,0.9775770984529467,45.33362836300209,0.9771758262396498,45.34594917121731,0.9771987345565071,0.36082250743373834,0.359445710717722,-0.0003884385773823551,-0.0003783638964396374,1.0821573682320615,1.0953239165053394,ssim_only_down,1.869473516384361,1.074042771598439,17.61520447530864
Jockey_first5s_f45,Jockey,540,4.5,5edd18df6a35308356a09121322e3ade25e0dc170b374c17c7442dd8748dc532,33d8751f8a6566377404253a09fa618de37d6662cc9cfbeaf627c2689b14522a,e5246fb6ec84c6965ee5aa083350b348ad2df8ec26f0bcf20f9d026aae335193,cdcf20f13dbc3949b72d09a6ee5a43bee774c7c4376036c8931146a68873bf09,47.61186077762442,0.9920003884347867,47.76989679274201,0.9919966788881234,48.112412942346346,0.9906225033720144,48.220902818440706,0.9906412525873219,0.500552164721924,0.4510060256986961,-0.001377885062772255,-0.0013554263008014322,1.1214001416817585,1.1258251352416786,ssim_only_down,1.7699286674781982,1.016936958020116,16.773796296296297
Jockey_first5s_f46,Jockey,552,4.6,74a0cd74aeaa8021e64b490dcd955a8afc94c8b2da4dc3156dcd67b2a7f76171,f2c74da6ef5ea607c92900f71b24de642faf64883d30c7a804ad00ce99a7fe21,4d95e2a73b50acbf8b3080dcb9839fa3f7010ec2e96aa48129a61f2d92217104,aa6caaa0a5d7c7ca465c5e62820dee8c6551bb3f924826a3a2f248269f8a163b,44.39793014894092,0.9772849307140936,44.38878852425699,0.9772481232498358,44.92829743151832,0.976976771345025,44.92663524240008,0.97695881297924,0.5303672825773944,0.5378467181430935,-0.00030815936906858354,-0.0002893102705957551,1.1476371249141322,1.1440815421454442,ssim_only_down,2.1552216647644826,1.2365502557084884,18.087212577160493
Jockey_first5s_f47,Jockey,564,4.7,488cd7c1fb80e466ea1e4f4dc8d33e070e51cfef0afb251afcd9500369acac4f,3ceae9065bfcb47510af3c685e1f591efb2477b5b49fa62b448d8ab958726fea,601ab7527819688ce3e9401697c0c4c1447ac5dcbdcf7aeeca910f96f1d65d9b,17e0a75db5a15a9edd19edffcb2eec3758c4f5d54d62571c35f61a4592d4d75b,46.4265222220955,0.991750676391197,46.48067053321612,0.9917400105890634,47.22208263398704,0.9902911838556732,47.27163385126111,0.990300747615827,0.7955604118915431,0.7909633180449873,-0.0014594925355237987,-0.001439262973236377,1.175517914155686,1.1655665270014988,ssim_only_down,2.0644758558698864,1.164484152322934,18.047756558641975
Jockey_first5s_f48,Jockey,576,4.8,ac9c8e84ec109223a32223330e354d5317e17308e50d1f84967a7d7dfb74d9d7,cc80ee92783e5ce72a9b32fe095f6595b360804b367e594f8c05fc8166ac023f,ff67b04a0dcc3d75e2d72cebf7368f620bd96151bd7ec47f637090efcf95abe3,696e3ca0ec21187473b92b9de44329e0ea3b96e64cfc86616e580d03be58cb18,42.350686802390754,0.9577596297390316,42.36161263599564,0.957718466602196,42.766879189254034,0.9583231723841885,42.78274455771143,0.9583140413927218,0.41619238686327975,0.4211319217157907,0.0005635426451569003,0.0005955747905258546,1.485341987759945,1.4602245782723413,no_regression,2.5235286170521443,1.4451411190555419,21.460320216049382
Jockey_first5s_f49,Jockey,588,4.9,dfc2447ad7fc51e3568e19ef5eaebf3c6112643079bb4623a85f1755a0689804,c4ca1da1984d0748dc9154bfc9ec06a78d1a7c7a0a79a908a90fbefdde3034af,f73a372fcdbecdc0774ca930faf811799a1dd4858188e96f177d6888f8c61dfb,ce6df75feec49989be011da6dcdfaac84a0428dbb89f12d3d7681a3237915a03,48.85839889766322,0.9927148625150897,48.85087183604463,0.992702089415361,49.134780313880945,0.9915605868172099,49.14661648954045,0.9915674172628838,0.27638141621772405,0.2957446534958166,-0.0011542756978797364,-0.0011346721524772008,1.454038320427153,1.4254409503216137,ssim_only_down,2.333075832402931,1.2594520133402614,24.071726466049384
