frame_id,sequence,source_file,lr_sha256,hr_sha256,bicubic_y_psnr_db,bicubic_y_ssim,r0_fp32_y_psnr_db,r0_fp32_y_ssim,r0_int_y_psnr_db,r0_int_y_ssim,bicubic_psnr_full_db,bicubic_ssim_full,r0_fp32_psnr_full_db,r0_fp32_ssim_full,r0_int_psnr_full_db,r0_int_ssim_full,bicubic_4x_ms,r0_fp32_cnn_ms,r0_int_cpu_cnn_ms,r0_fp32_postprocess_ms,r0_int_postprocess_ms,derived_4k_integer_golden,derived_4k_integer_golden_sha256
ffmpeg_Bosphorus_test_pairs:frame_000.png,ffmpeg_Bosphorus_test_pairs,frame_000.png,8af4eb5a8711552614e624ac9cf9d3a7127d4e0638b7a853a481e3eeebdb241f,4d54e214efd24d1df1a634661121ca66db148fe960059f3e0ead7d3bf1505a5f,41.7988754023051,0.9723972012290183,43.67594500106076,0.9780954804085449,43.383807772596235,0.9758056542285388,41.82069621487667,0.9725426612378575,43.69131424396901,0.9781847576102081,43.38860582714357,0.9758354405928863,326.6102,154.5326,1748.7849,363.8619,366.5675,Bosphorus_frame_000_3840x2160_y_u8.bin,4809773e52a8b23595f0232b6d7e36073ed609e33432495fe0490f57c4c9aeed
ffmpeg_Bosphorus_test_pairs:frame_001.png,ffmpeg_Bosphorus_test_pairs,frame_001.png,8f762f304562b4b214b2a8945169c2eedcb2478289e478eeb1bf3335e905a865,2d18953dbccaa65e9665b0f08f987353b293b5af9b72d72d904ae0b08afa0131,42.59272661978089,0.977791809973453,44.646517542511035,0.9826916276982879,44.27472170711035,0.980337548303367,42.620523597162425,0.9779089073594719,44.66572857677566,0.9827606433209878,44.28130332121219,0.9803488658995386,263.2311,36.7714,1570.7098,401.9376,377.3268,,
ffmpeg_Bosphorus_test_pairs:frame_002.png,ffmpeg_Bosphorus_test_pairs,frame_002.png,6043946f26d0dba4cde7a49caae060379ca4979aad2b172c0bb053ae813ea642,07ca46768b60305cd3afe91a4357fa28a4b9f25f243e63d23ec7c6addf63bcad,42.54284128842095,0.9768558651109642,44.4858420847259,0.9817448537191671,44.124246674422906,0.9793800851842326,42.56834456182155,0.9769853440751934,44.50302611781646,0.9818212281246745,44.128603742680845,0.979392531062831,250.9019,34.5466,1752.2232,355.585,348.2976,,
ffmpeg_Bosphorus_test_pairs:frame_003.png,ffmpeg_Bosphorus_test_pairs,frame_003.png,7bb0e00fadc391e87edaf85d27f696dcbc1e4990415c703c285270efb5edfc1c,f4b223640a9e937518c4f6e102e071198760b2635af44da055f1f83e86f47677,43.06063008637846,0.9796013826877102,45.14600199369494,0.9840197019592484,44.71691302872294,0.9815569208659775,43.08440144047783,0.9797211834218331,45.16025290378585,0.9840892090818577,44.716298781248184,0.9815668387104092,265.5135,36.2057,1634.2376,364.5736,380.8679,,
ffmpeg_Bosphorus_test_pairs:frame_004.png,ffmpeg_Bosphorus_test_pairs,frame_004.png,28c96f5daa176ae824d935a959c512302ba4785835efc99381e5e5366ecef511,2cd14341b44852fe0e70bddce4692bfcf558f6be7c5330a1ad27a46545d0e944,42.914584154362345,0.978513264900255,44.93405067081106,0.9831091531382736,44.51875962914087,0.9806285658041305,42.9427116358438,0.9786406008970016,44.952046308854634,0.9831818865943328,44.52307732437512,0.9806397661770982,259.4833,32.3022,1516.3773,349.8241,358.4838,,
ffmpeg_Bosphorus_test_pairs:frame_005.png,ffmpeg_Bosphorus_test_pairs,frame_005.png,7b0a37606222382458d202f697381a5294cc4df50f3e25a6c34bc586ce390d9d,b91d1940911352edb4e90966609f6fb9d2c7af77eea48164bb5969436e04accc,43.74417105862758,0.9817167164143143,45.85311984831521,0.985656562203957,45.34556337399805,0.9831432122501954,43.76843917482005,0.9818186171198773,45.86615400636559,0.9857099571001198,45.34215936280786,0.9831314165683904,259.0113,31.6665,1627.0968,351.8053,365.6436,,
ffmpeg_Bosphorus_test_pairs:frame_006.png,ffmpeg_Bosphorus_test_pairs,frame_006.png,7f001afab4d99da183b99d25bf10e962ad31d6a299274e3bbba74f82184ab08b,3091ca868f1d0942e07bb24a253e4ba71ba65e38516fd522cdcd938e23b5bf7c,43.72318002953166,0.9811332294123088,45.7495015093709,0.9850023822893248,45.25395474310287,0.9824318413531954,43.75066606565865,0.9812424725937362,45.765132940979036,0.9850614307478643,45.252571207018434,0.9824265727274046,280.1346,32.0946,1709.0678,373.3343,355.7083,,
ffmpeg_Bosphorus_test_pairs:frame_007.png,ffmpeg_Bosphorus_test_pairs,frame_007.png,663602043999274fdc6f5d3a2415167b6bb37096dc2622776480745864922837,958c2877abcfda2591f8d06633a5d9870e72dd5f83b315109f3f95b48d4be6e6,43.79689023688571,0.9818012734796506,45.81566997357043,0.9853643402585397,45.31804695049806,0.9828219462839719,43.8247826782197,0.981902235857456,45.83274032607121,0.985420231322768,45.31767958071005,0.9828170443811635,265.6311,29.9224,1668.1137,348.322,347.8123,,
ffmpeg_Bosphorus_test_pairs:frame_008.png,ffmpeg_Bosphorus_test_pairs,frame_008.png,0a8128007db99ff7d3de5d467d926822b0c36ab91625a0ea416a5d20512a3dcc,9050606156adc18c0cbe5ba59dbb32fc8b645596aa570e15ac4740290c1f9cc0,43.11325249623594,0.9779920761330216,45.005641688866696,0.9820632912555277,44.60724719568434,0.9796892021263975,43.13138793925515,0.9780818099265685,45.01391379930146,0.9821081883729145,44.601740635608266,0.9796817015548922,273.9424,39.1166,1626.2878,358.0528,393.2999,,
ffmpeg_Bosphorus_test_pairs:frame_009.png,ffmpeg_Bosphorus_test_pairs,frame_009.png,a1fafa4a447c0335e753ffb95b31be20a1d6de790a33f5d7bf7ac168b2abfa8d,767804492dddf06fc6c15fb5694c1d23d8dc974ca03d98b001d7200771e1493f,44.3063997222545,0.9834959470790104,46.30876511790626,0.9865705978144974,45.7649449203047,0.984113361164891,44.326173189247626,0.9835723677505446,46.31530018805478,0.9866024329705165,45.75291563617682,0.9840850254279977,274.6825,33.1363,1613.8602,365.7545,361.2917,,
ffmpeg_ReadySetGo_test_pairs:frame_000.png,ffmpeg_ReadySetGo_test_pairs,frame_000.png,3868a5af1838c974e278dd09a1dafb7e5c2346ec25b9a6134c78cfd328056019,0600a01223a00028b0950ac19c631af263c4ce13c4fc12fcc8f2c782d4e9356b,33.129588359166725,0.9201396903746111,34.84282359943308,0.9311883643866526,34.75153833774886,0.9298666865376468,33.13950213329042,0.9201979770438701,34.845007736703096,0.931194107105304,34.7535342406388,0.9298601315609386,261.4992,42.7442,1661.2827,353.0066,359.6468,ReadySetGo_frame_000_3840x2160_y_u8.bin,72e86b982b5c674625b5972dcee55035b65ea4b7adaa3dfc9a36499161b762d6
ffmpeg_ReadySetGo_test_pairs:frame_001.png,ffmpeg_ReadySetGo_test_pairs,frame_001.png,557ccc1ad413f9c4f0581d536b113fed0529c5f762290adea198651f43378936,8f4d4e64bbf3fe460fed5782bd63717baf2670eb3d459fafba0128993154bac5,38.70406413879306,0.9737691976936244,41.38337586290709,0.9798607244853701,41.22834775919667,0.9787747213340635,38.708522722287114,0.9738110069099584,41.37233106135714,0.9798461259288427,41.21457371486948,0.9787440019467576,280.5738,29.4756,1573.5146,356.1357,350.6346,,
ffmpeg_ReadySetGo_test_pairs:frame_002.png,ffmpeg_ReadySetGo_test_pairs,frame_002.png,9d73843c5c0dca6607f585731794d2ba9470d4a688fb31dfefecab76c791a187,57eefbbad3a6fd88224432d34401a9f679fb23ee298c89a7bd9c531976714e8a,39.57368522986278,0.9765845476830822,41.656465058532476,0.9801487127328972,41.46319508500717,0.9787319872980439,39.5933746942119,0.9766681505696646,41.66710214872279,0.9801727809965262,41.46992351030242,0.9787379342440791,267.8443,31.8255,1531.7488,353.7425,356.9707,,
ffmpeg_ReadySetGo_test_pairs:frame_003.png,ffmpeg_ReadySetGo_test_pairs,frame_003.png,f6c2799b7f7733018b1db00e0f656aae5385f2387abed6a700df435adc7a1c8b,5e7fe1011fa87aef2d1f8c1923a5ea26fdf1258269ab255655ee25909d130933,40.92101450283021,0.9819434664947568,43.2297908847592,0.9853757172257624,42.89558811858582,0.9833114295058201,40.940251505835306,0.9820163121185652,43.23743545786576,0.9853916512758549,42.896993290508064,0.9833050330932573,265.9732,32.2072,1599.5623,355.3728,388.8257,,
ffmpeg_ReadySetGo_test_pairs:frame_004.png,ffmpeg_ReadySetGo_test_pairs,frame_004.png,137e7bdf69903a9f4e2221d0638aa3bd4cf2b5e2f7d01b02e713d80465ca01a3,5af3718930d01c8bb5c6ba130f140c4c2eeb3f45bfb8e2a1f297fade051b1810,41.2244158328462,0.9823967163623977,43.434875507639745,0.9857923665919045,43.04432849425706,0.9833026953512413,41.247383561757914,0.9824683305913203,43.446656088791784,0.9858073609247764,43.04975005453073,0.9832887586416235,284.2594,31.3916,1873.1541,439.2352,446.2517,,
ffmpeg_ReadySetGo_test_pairs:frame_005.png,ffmpeg_ReadySetGo_test_pairs,frame_005.png,979b557a2516577e731ca994aaebe0e26b65c232be9d852155fff81400fde3a8,7a18a93596ff3204a9ff15a7beb24053cf4b58eb1e193b887d304675a40759f3,39.76102672612046,0.9799692234909395,42.26333953696595,0.9845060201299806,41.97902817466093,0.9822781433929374,39.79211036256786,0.9800749284481806,42.28698592987216,0.9845561685041914,41.99805517626722,0.9823037897515099,287.7193,41.4459,1782.3414,346.2359,349.3914,,
ffmpeg_ReadySetGo_test_pairs:frame_006.png,ffmpeg_ReadySetGo_test_pairs,frame_006.png,27149f8b0e9830361e7b86ae4c87332cdb09c7d956b9363bf64f01245283dd85,5be6706a72238908c51baee0a920cd5c7b1676a2d8833701052e9ccc38999d18,38.711785542744565,0.9727635316935535,41.134455339726,0.9789461915887997,40.95651069838307,0.977309873778538,38.74268947515744,0.9728991962170643,41.15944203606222,0.9790244373438323,40.97692299816777,0.9773560220908564,252.8334,33.2939,1595.1886,357.7654,356.3651,,
ffmpeg_ReadySetGo_test_pairs:frame_007.png,ffmpeg_ReadySetGo_test_pairs,frame_007.png,9b61789df26b1159785aa2f20a7cd6655a54da6121d98332a7fa0965e793f95f,16f4c63b79ff572f1276a0fc778c03b5666340e147dd71873ec619f7e35f52de,38.48219905049786,0.9746377011278431,41.07105188072093,0.980432697209996,40.85802990017741,0.9784683130043049,38.49993287872527,0.9747019778669302,41.07975499939962,0.9804368838860045,40.86211783303562,0.9784462141485044,261.0875,30.9162,1516.8427,353.3118,388.5298,,
ffmpeg_ReadySetGo_test_pairs:frame_008.png,ffmpeg_ReadySetGo_test_pairs,frame_008.png,40502528ae0893595945019f88a3eb1c31292b86d2eb190d3ad657c7fac598a8,08c6bb671c45cf30427acf1ae3799034cc84af8b3bbb4d5147b9d1d0e8fbfaea,37.469270220472445,0.9681648813402749,40.10722360688236,0.9755792083990692,39.91554858369938,0.9736636552529147,37.48662550744002,0.9682439310443258,40.115830251158144,0.975600556205503,39.92103549549518,0.973663109396986,252.5917,31.2118,1545.4151,350.6721,345.1781,,
ffmpeg_ReadySetGo_test_pairs:frame_009.png,ffmpeg_ReadySetGo_test_pairs,frame_009.png,efe2ebf66dfae65977ae1643187df3d93aaf4987d5311ebfb4469abf20674986,701f7a300a55e908c9d5bf80a2b9e90005b6c68a1940e853cc6abff0037c87ee,36.02325227090533,0.9559171971952907,39.18919098539809,0.9692446943299743,39.03114308012433,0.9677370684083285,36.0245801759285,0.955819784339294,39.17638856405623,0.9691326266757523,39.017410079321486,0.9676235824030265,270.9863,29.9142,1554.6781,361.4339,369.22,,
ffmpeg_ShakeNDry_test_pairs:frame_000.png,ffmpeg_ShakeNDry_test_pairs,frame_000.png,05519d45209b8fb79f26edb5b20cab51a2c8783a8537bd44820fc5e03b582384,a2cf0523afc6ee760fcc1bd356f1285c600ee65ed0d31ed2385d10c603201a3f,40.999053276945375,0.9601335066905563,42.63310785614492,0.9675957085903342,42.560079940509816,0.9671722103614917,40.95842976316118,0.9600039156918078,42.590365253069805,0.9674714673748657,42.51651764436648,0.9670468855116653,251.5826,36.3998,1502.0189,352.1581,349.6527,ShakeNDry_frame_000_3840x2160_y_u8.bin,b04dac4745d7138b070e44195cb1e0ef91fc514e924b28ea9b1ff0fd224d9c8b
ffmpeg_ShakeNDry_test_pairs:frame_001.png,ffmpeg_ShakeNDry_test_pairs,frame_001.png,34cf3386b9c2a98d92cab28874db21e56b86524a8a0c00692b43049a728f3f85,3b1f02c1b33ccbac9aa4597eddc2d8f5590d2065091438801ab54d63bbada595,43.831896809099646,0.9832147394139825,46.587396247868725,0.9887396715700498,46.40035447482361,0.9882320174117629,43.76543204329409,0.9831198479941227,46.504154809319616,0.9886535281083814,46.31581314105265,0.9881437539673523,261.1739,35.4522,1548.9385,384.9364,350.5254,,
ffmpeg_ShakeNDry_test_pairs:frame_002.png,ffmpeg_ShakeNDry_test_pairs,frame_002.png,f3feeda3bef66f49f8275073fa39c9517d62735a75cd156f90d5281bcf85fa52,e0ccc7b56a4f5ed484a059de61985657fec42db9a4e4215eb133f565c668c286,43.875538273389196,0.9820108218481245,46.211810736278345,0.987020134359971,46.03509655348741,0.9865079223445872,43.794691207662744,0.9819175971396503,46.11616754361789,0.9869330795901298,45.93896494182477,0.9864220644871925,258.2203,33.3551,1541.0545,358.5332,360.7164,,
ffmpeg_ShakeNDry_test_pairs:frame_003.png,ffmpeg_ShakeNDry_test_pairs,frame_003.png,15f6dba44e84d3f22dc82e0014c7da2368bc4db350f35a5433deed9bd754c96f,e5beba4dc23bcbe4b1707a24375def38b2823276a31f7d06854e55c3609b3e27,44.682139225475254,0.9847021353921321,46.539006945310575,0.9876468813391573,46.365820483259384,0.9872074790083278,44.58709691388135,0.9845704580957259,46.43944001784711,0.9875446224405987,46.265875187386825,0.9871071754472184,262.7478,34.7805,1656.0446,353.8702,356.5159,,
ffmpeg_ShakeNDry_test_pairs:frame_004.png,ffmpeg_ShakeNDry_test_pairs,frame_004.png,08cf7c865d48f34f84b1ecc16d0f1e96ee5378bfd38f79449bbf7da3272c52ef,a8e753bce16f518b0e5335c3fb2461bbf4a7205e246d77eaec47bb42c3008cc3,42.9329169511395,0.971168261302256,44.14462465905088,0.9746556321385026,44.05162447936722,0.9742949072267759,42.87106167132494,0.9710622957914598,44.08931987078047,0.974581411061677,43.99606650990394,0.9742205661642215,264.513,33.781,1655.4567,365.5344,356.2371,,
