decoded_frame_index,timestamp_seconds,source_y_sha256,source_cb_sha256,source_cr_sha256,lr_y_sha256,bicubic_y_sha256,hybrid_y_sha256,lr_cbcr_sha256,output_cbcr_sha256,y_matches_frozen_quality_evaluation
0,0.0,d95c2ccac78bdd26c78cc2156a80e63892b0478a763b23c092c0f1b8047458aa,e91cbd6f3bc2b376f3fcaf34710212f21fa09200edb5e4c8acd84f6685640c68,13fa772bfb516db5ff18b776dfbf7ae310fc8d96ab3b0a4d90a77cafbdf47253,4de7402ded8e4bfedc1af243ab561230cd1f9eded1907917ef51a080446d1dec,0e33a6cb52a1571d385025935ef466a364bbb048992aab7fa4b56c29ad3976f8,1ab4cdb441eaaa577d8dfedcf745ca3bfbf1bfbbb911a6763038fd2bdf9eae56,38335dd72a31e4b624efb6fa2a173ea232aadcc7d863b8c8f456592123436599,7bb99d1c08d70926e7e4d7be2ca937c7f46441afda7a9f999017efaacff9f6ec,True
12,0.1,95bc76849479c2bf366b1508e370704efb570d6533c606dda7311b327dc077e0,d766a3e9e87bc9922179d909c04868b83696d9150985e6a338a2f0bbf39d65c7,259560a3d2a4e14d831d63e5a09d77bd677629ed2e991e258f59bc0232472c94,02b771d81f3e116233aa9740691b90fa05e6a736a316e6b8b1b1440af5aa4aac,ce7a41c9cec3daea780a345435341a2d5205667369498a899c580b6b47e3f70c,dcb352b5fce2cd024b1ff8d0875fb8fb5647036e27848a5f32c48997595a2303,3110abea16478da85cd28f49212a579ebf3910f2dbab634b8669bf725b212d4a,cffe5369132192acce972ff9daf879be7d55dca40f72bd9c21e0e7f807b97600,True
24,0.2,08e2edb3a8535b421dc46b2decab329a4bff0592095ab575e1e6d36e6a92fe05,1176a990ada384c744ba75b69ff6d33024051d3b4f90c12d89a6b01ed95f6ca2,9e9ab8d075a98f1ef891d771f8f3f7f7d2f2bde7edfb1daf5905c50f45c8dcf4,17f2bf6e410f8652041bc9009a2e8a83dc0575301256ace804ac319fa22d4084,7fb37e9d2d1bf373eddf0fe9b9c6272ff1e13ca0c0bc27ac3e5603e43ec8a8c8,628c5b28db02a67c59fe4bcc67504ecf783b0f6db21acd813127f183a527fe39,df1592a1f81386b7aee57affa0b4db38f5b039f19b3abc908b489175632db94b,9e1a109689a1f83e2bee029459f78afd441e42918ad16aa8933888fc3b4e4269,True
36,0.3,c73f30aedc527abb8a8a3837c79f5101385374cf117eb74cae645aa01078ece2,837a0ae82e42b762f5ed428eb6cf3e92ef6a649cd54fb34b7bd3c709cf7a17e3,3362c961451ae163b1e066bcbc1b915be0d05f79a28c07f4fe6d6263f8f605b2,5efa819fe22544fd77482e1c308efc012800e2507fa76bbe4cb322d589481e3d,5498946d527809538a28436ee031c69ffe79a96d558cc7af3cf93c4dc54ce99d,2429d21110184da30daa642f09394a484b61e581e5814a3efc95aa8562412742,0f55ad284d3835bc519602cd52044921d42996390d6341eb2da5fe7c85d55943,9a862c502349f3437b2dd0459ba7b9d96f695212bbee7fb2a09efee83c1bc719,True
48,0.4,96525fe8982225f3b45eeed63c8ba34424842b50b54db5f5102c6b29dee9d6f4,f46ecb1dac0af0f391b93b09775f7bec6153401ab0601aa75893ecdcc9d2c161,ce029f22688c8ae3bbb3069bf7c434086447a55b8a557b3f48a9ef4b19e22fdb,1113fec87c02e1efa1c8c4c7a51c4e04a242681dd59ed042f800607bc7b3760b,290ae42dbcc2fb800fa6f603a97d46b0709c8d3ea72c121767ccd00830602387,4302c26ee8aee45f6fce2714fd5a0a34f93a7fdc9992536d3e8bbd22baeac5ad,850c891448357cd88345985eea2e06dfc7228a9bf08dad850c6958850e9506e8,16f1a31eeace4d89e5a8d3e405a564f22ff37e08693380b2a99f33cb57cf9f8c,True
60,0.5,fb042a424a92433d673568954e5d54bb61699820c128083f1ad73537851404b9,4030955bac15f122d2df96fca106e09b3afae8d3147fab3fa5c926b7c333be81,3a2513a727142bf2d5ea116a9d246303ce492ca3f0906ee86c4efdd61318afa0,b8992536f119a2828257e84700bc7826fe806deb156d91fcb349088cc325ac1b,62a43b909459f9b6bb145ffeb25905ed42228f1ed3845fefdc29872667cd9b66,b43fea33c778fec3d0b7ea40e12eb873ee80d0c5286b01106607a047efcb80bb,2e1f6818854a15ec13dcf3423bb6688aa56295ed16f5bc491526c345ad6aaed8,0ab35496b1bc5737963e8de12f57ea9695f9b584c3224918f5b349a33c0171e9,True
72,0.6,e27e79d224e7a1f4d3f41579ae832b42e2032b574f44408f1fd33d544032bdde,65ce7df115d611306739648eec2c4eabc28512c28d6f05d7976156ef545d8aff,8b161d48db4a0f2c741b8ac70170295405630af0f74b063ee089226a85bf4f65,3514b3d8b30f23ead56dc1f121686313b272c5148151b5122657b1241985af5f,3283283e3da6a98ee3be5145a61bfd4b2973a040f2135805482d04c7f2b6b9d8,9a1c76d5a0aee6c3e52f2f2214b8aea4a5f06db411b920ac7f8fa8e787a9878d,4a6d03685705bbcfbd53997072dfb05de5543248bede9beacb93f83aa1d200a3,3d606c7ede97c09c68462bd75486b46161cf0b86fad5af8401b376981d32f58b,True
84,0.7,bb131b738de0118d998092369025ecd675b70250407732478b3488495a2e8796,245e17ba17a01ed36a7e83c1c347ee68114e861004e53efaaafad32ed7ff4e4d,a0f84449d98da21ec47d0013c113156d77efd4d64e11ff73e72c4a576154b635,991145130282f839dc707fe0f531576fcd2ca44e01d07dfca907ab5a9088de40,aee073c377a2f5373d8502024da0bb561580addc7df28b8679ee14343fd90250,738350d244ec24578315ae7e07420a742cf48f0fa4e873cb797f5d7f0af8ffca,a5b80ed896b6eecabd9273b1563e1ce470b56bc5d4906bb84ceec2627a32f940,818f8984927b0bcc18a6a5272d9541d821ebab456f78f72d80866fec81c9bde7,True
96,0.8,07093af879220cd10cafb224947554e60cbe6fd4fc5adf2ce9e7240f2296435a,d9a30115cf0be098c6013fbc51028b82e4472b04aacd188200652087d363b624,df1b414d2aeca0fb2cdff4859bb4a104dddb168c16746c9855616c0be604478b,1a6a663c5f0f9f7eb51f008cd789c78fdee51a2204bb0b102ccfd934b22e39d1,f97fcea71fc63cd061bc6b93e990504ccf1496ab062f0206caf6c352297988a2,79401ca9043087c84bc042271c9e8a69d5c3ac661e37c5175b4fb2c1ef367b0c,bdedc110472c0957cab6a573d5f6315e527b3093fa645bce5c963dc428e5f839,82b01408ada6325bd654f4a8a5dcababa77ef1f0756de9b9153c471e497b7173,True
108,0.9,9f0badfcae1aaaf3055f0f21f7485554b6b3c987e5b7679580cf57d85b8be98b,4c1afb2d7eb3caf52a9506abf2667358ac6cde35ea4b843f1b000d0ea89510d0,ef4b5cd2a91bd67e1fb6389c91c8f1d4383335aeb040babea95b1cd1ee369b91,9c40803cbf141772c83d69c72ebc98d7ed5b5ba26ae1785ee7ece68373ddab78,3841de566bad5eea22e572f94a4e007753a0a8086b29b5207f12b6e8239cffcd,1b5f8ed99309f031e8eee05c38bc923f1a9349c490742bf1d55157d55b5689d9,61de19833bb93e35aa9bfe34919149b34d8e01f4e8bd56275839ba2e9bf970c0,a9cee4df0e6e2c52fe2b41e5ba42fdb9a4ffcbca7816525ace1c4c0988415f3a,True
120,1.0,036f16b645f398c0c170da6602a8f49883314cdd8c419c12c14eea5af92a3126,1d1a8880388725cc50ca37a0906ead8eee56bbf3dab6e6bb00c092f4ccb13f24,c415ae8be8a23084d6a11f7d9e35d79fd685b0517c36ad2d6f5f2dd7d45ecf50,3b37374f29e805ad51b2e7ffbd12164141b98d41e243ab2bfa139a0764390f61,8e6174e3fae6b9d5891c53e44136c7c6f7552d306b5be29a19b92c42b56f6a40,68290f7a0d439f6bd139540890911f1aea3037329b97b33dec40cbced7d88f83,7b22b36b7714d64b0d5029ae906da67ef1e5b7eb2854cfb543db4d1d0fa012bb,1046598c6db687abe44cf7b6f2aa799d302e4619ec913ec887905281e2ba8e67,True
132,1.1,d03b46bd82423f3295f54ccf05eee6212f390e8108bf4703ef83139959a4adeb,1dbc2fcc5faf6d214baf94e3752bd701fad1d27032c9fc64d5780aec0fa23a30,19a06bed9b4d878827fc5c47ccf868d6fdad488dc2467369533a1f0f76cb7345,6562a731c9150514252559e8c24e0b50cf047a5d64e02898109f8716968c8691,f3b4fd15479e10abaf88ea912ac10c6cf0574e33f3275d4a00069f436553990e,f7c77f2785dfd296973b8ec3ad1ac8c1a9efae150cc26f8686c13bb69137fef5,56e734d3933a2b8584fdd95aecc71103b0f7cbc95a9b306ff761ab2d4a517f13,ef6cf103b8f3cf9709aace65754b7f63b5c37d113e653ccaf82b36ede82f4489,True
144,1.2,064e918a4a01cb24279ebe3acad1378fd7452c6a0bfed5a75ffdcfc51ca013fc,768b9498ed5849020a5ec90c81fb825a2bb4aaccb04fd004f2bfa074ee707e5e,93b37c7fafbd8d737d7232b8392f5fb35cf68fa3d72781a7fcce3fcc722a2ef7,96db583c58784648057c9e84333cbebec0350c737fea094a4aa3036913809c16,7feb35123e38c639958b66b0b34c10d70274450599c64553b4945aa7cf89e51f,6ce430fd796ffb30e061fcb91b3febfca1289d42d777c59bd064a0bad4288cdb,01df19f6473b21b622608c9182011d8180d7315c9b98de8481b50a9a41759dee,73ce1c91e9e9fd288cbefb0ba81b0027f3e8194c5d4c450530ec3a2746917349,True
156,1.3,a96ae1e4d389c94b0743b64a67da1204a2b3e6283ebcdf8f7963d561429e5e2b,f98d6f99e85f7bf6fa2ddc67c97bdb558857b8e981e1e8a4be658f3b3843fd94,f2ccb92c68506ba90120714bb11c8380e19346aa3e27943c7932974a73cfd8f0,675933e608dc419a14facd91eb23f78067c86d31b83ac5d5f658423047caa5c7,5bdb5d9f0ef7078747dad302db473a3db5025a4b6a7392e7f1493f8c969827fb,daf906a1d52401b13887f6892170b24ec112b0f1ba7d5624c3080bc5f0cd7c08,27d94047dc708f0b9d09be28f2612f34b2b9dab23aa90a93f19f467a66332621,3bb61853fda26f9333cd2bad94d5de8acf01028ef7c4c57570dbeacb5ff30195,True
168,1.4,cc4aa7f07265ae7fc8cbaade1421f4e1ccc3da76453c7f3d017a3c4adbbba5ba,360aacc250a1087fd91524a0a32984fd549e043ee69e77d89b351cfd513d5851,0937370e3b92738378fc63e4dd01dbefffa0dd8e7974d69dcb176b334aecaad1,3bfc3b3308e367d334874fcf9f291441c000431a57561d62489f3549f3187d76,4b6c7de3736e2a28eba87930bd76cb8cf76c305530b50251091e692ba97ad3d0,163b501adb4c2d7c1cdfe889960e0e6950565251d1a193b3bfb8047ca913b814,fc6aba61e4c2849de9ce008ff0668f723c562df6bc981373e957fe95e4a951b1,b4b65d25e3f590a20a744ab5e40add6305355ce8cb22d3edcd4c4938eada3716,True
180,1.5,f09581fbc5288e2f6aa157b47a054cf4c38085ee9f3b84f042c82cf4ccb44aba,2892598a6e20d7f14139aad88c58ceb7e8a05df759f32457e08ad73e19c3aef3,6c96af28fc603d659777320c5836326f9b9e0a47ae7f0bcdbd72979d3f3b7dfd,6d026cea8094048d11fb44723310a91be78353fa9832f50e90a6f9ac55dfd4aa,df20ca056d094e9a5022ffd198fcef72e0f4619168a9a77027cdcc37c8817314,6040a47c48c98e0c4f123d824015db309bf9f6d45423b79c64c703d6c4286a70,c8cd49440c5cb044905fb2e8ed8d40d93f32b42605af3544d17acbae35f77987,3ed1e042395b727917b655f6ec13bd00286a29492b5e79e68e3a607da320bb35,True
192,1.6,c8e2c861438b7632fb0f1ea76872b694748677215ff1939dfce5ceb9e2dc4a03,49fd26a726ac030627af5d8fc45bf2f2c03c8550b59af1148d538e8cec04634c,39e94eae79d127bdfe1d88c40b80f6fc3c6433c6f29a69138d31f1d2d298e11c,e5d9ff9809dd5dc297cef1591dd9b47cdac8e202c714b76438b1eaf036c26d31,e8a8700a1462bf1063d74dc5fd156bda0e465a49e31f562aa1d4d6d1a041dbbe,6e253fa49bac3c15fc0f6d2f92f1b2ecaaef50353ab0d81a85b1ff96f9f182f0,abe72490d4e6112c44d1ac1a91caa21cea33f78163b805d7ef8bcadd41d6e731,32e743984b813d540954bd97250ba66310dceb3b6c1dd3b76a03a0918a9dd323,True
204,1.7,f02b3b1fd08d74951a4a0e3fc627167b04c63a6fce6e0b7ff6e69d90d6240849,bc2dcddf70e2f50694f2d7dd8d7cfa7ccce89af5b6a5575cbcc345b39a2151e4,b0fc29004aa0ce8ed7b95af0de309c8ec31678c74e113a198b7d943a66133382,3815e52d6d8f829228739009d1b18b79687c9c907a8188f5781214a538cc698d,0ef0fa9cdc33ea9c92a67a07bf6704eb804108bf7f361fa9d4a0f4926d18fef7,035e64907d917dda73238be0f0ac95baa9bf0ce6ef1c1c2c4f2b5ba90b9fa951,22c011a14864835c5b91c6b4e5c9839d32357d08687393d19239b4bec2e4ff37,a306e66408cd6261c261e671f41983fb079b070d625530077ff522df545b1aa8,True
216,1.8,95b9f528794d9a82715dd337cf2637f92337ec1f3d995eb1dd2b4e015347bed0,fd9ec66aadf5cf7f376f4938f0b7a4897133a7642b984b2ffb4366e868ecc1b0,7c51e934f57c2171f61e428660db9e41dedb2a45aad4a397b07233e301ef7355,0588fe9318bff323a4bc3fa0a3db653eef7b327cfa7973a082d9f55f697aa28f,27c8c55e3fca1969c7e9481c0a3baffbeb6c7aa3ee73c57a030b86421af0d31f,9b828ac972e504e66839d3c16e6f95ce4ff0cb682092575b01395ae884ab7bbd,2a17ef6e4839757e8bf0f390c7b049084b33866ea2606116f36f6f90fe65afc9,f323ee97f3bd70be955d188e2ebb199141ecadd7aaa52751946ddc37dc3bdb79,True
228,1.9,8ca180bb4fed6b792b8acbbc48dbf22a40662b1dd15ad9d1f89c7ab45e038e5a,16bea19bb6432f51e0bd9f86f0e213866d4b53262d2cce4fa071eab1bf33d48b,bdb4cbc213d28839936916b2dfbc2ed00e75a21bab04e9750e19120fe155367f,634870572b3bb454f86d271ec2ec520c8189d0620a18cd54b3e15b32ac37669f,b6c0ee8f96fee4600a6cd445218c5722313246c74e040502024a44bf3e625baf,958097070c36c84aacbde79d13418200e9f987ce5f33f6e48f19d565cc64a615,0b650d6c2c3fc84d1eb76c28d285e579b88c064eac4c3905f53e0ab3622f10c0,45051a641ac9fd61faf6685bffb96d5c84515451eed88424d63b0f981f0df2e8,True
240,2.0,4f92d044b0d62082a51c49fae7d3e44c5cd648a6ec2962c7cd8ef2d85e363621,7e0d1eb3dac486e3abf24987d4e94b0abb60b261ea4163ac24e4e969fa0e04a1,c9e27be3526210adde619d049f42c553a9a2ab0049a4a0919fcb00787faadd50,59ab5b51b51e4e6e01acbc0ffad3b1e4edc7c7f1639fb4699ac0330244e92666,9af642dc575127bc7ede5a79f574549fc0a1963f32760da6144ab4819e1e2455,53ce0f41c3e43435255328f57e9750bce382ecac2a266d7dd7ca692d5b521073,82d28f3b5a5f0bf318e9bfdf2fbecb1b3f0cdbdd5e5b89ccdf2651823946aac0,c8f1b6c20df58a70941e420081e2b52d7c11f81b72c2b6535d3f9a1af94d3d0a,True
252,2.1,17b086d927339ec285834959359aea4b7a6b7b0e6d6e97e1f2238fde8ad757dd,05369ef5cc853a2aa42a9cbdde2404f28d31b48935cc9d90cf58e8cc85423860,6160c7876a3fd0cbfbc6fe17f2437e674632b67ec5c15811de8a5fa46a4121e8,86a6c3ef24616b5bb027384bff07fdf89f2f41cef4c22340481554a25a99f3ee,99a36187c961f6f0a8d7e17351919c6a104ecd69aaf3fcf694bdbe35503c0938,7caec85dd414b34d179115e4d984847ccc25318cc9b2788d33f9196b54868dd2,38acecd008f1cf020059bff270b664a1f65eee7f48827e43f562cd84434fcd4a,c613260b97d22e4ba139141e7a998ed7ad775763f947be8dc4afd92631967351,True
264,2.2,eec347307002b5db23850c23120435470fe7dfcf5be5816115cf67c4c57c65aa,817e3ffec36dc27ebc0d72acf8a0a8fd36834b921147b3cf4800a7b5ce63cd59,ac1c271650d7ba5322d066b824c6730e22511d7e01a9803b3f58059f6de6a241,7950b983a9eb7788af7ae1c025df8a79b1c86ca688dcac167fa32f5e65e851d4,77e2b801e7b117f2f19b65af0529d7d9b0fc5f5719cbc0fd9928e9688eb2b045,9f6bac01ca93b204399127154138d231f19d9e418db6d77aa2cba4faccb75be3,547544a98ccb43e8ca508c64ea2af2ec27a8ca15c9f2019b84c860199424b563,739e094d977a34c561dee45676fd9d00021d50c00f111bc3b8c5afb680c25b0e,True
276,2.3,14e7901fa86e9c0343f687b4a6f3ce8497d6fddfd3c8a26866821a97e5f4ea92,87617d178bc6c10319617dfa757f8d4cf4702fa22278af055f4bc8149e8a9e3d,302fd1ba39439d9dd858e205583c4934fe6f99732fcd9e3ae9ba60d9b578dd2e,ac6684a28f3de3da06dfe30ad7f2c6035e0d6d76acd1573dd5a590043f0277e5,7de85c1a6baedb64ba9cdb6fcde94f251b86885bf04e61b1c859155783b826a6,aa7bb80c5d9aa474c719561bd775bc4852e66da5c0a3a3fb9a3c37c1a8b8fee0,882c6c70ff50ffe3e69845bf306f8f9c8efebdd6e41bc949ac667b49ebf33f79,2c35aef63a9844ca71eadbd014a6a1dc3c69947faf002df10f9677bd0ae77f53,True
288,2.4,908f3df98f8ff9eb7eb5970542a5b8d2e20938250cd68913d95b421a0482f588,c616a395715483c7ccb8d75cb5bb08f453de913170e91b5e331b2af386a8bdb0,27b29da3af0fe745e51987ad4a723afcf5dc4bf4be203934e15a85ad00497b38,ebe58be28304c3d3d594bbd0d45c6ae1b7c1eac2c665669fec784b0764ed12a8,ff6b5aaa874af27f15f8f8b6c682f1ee35ee06ae56216497eaf6b825a24c885d,7cdb1fb22e02e245f83966f9d809ee125a95b867d90c6b23f020abdb0c9a7e0e,84d9eb2ec3a388daa1db447da55f9590f2dd4dc0df55f5b16b3913541e4582da,7d5cbd4a305ada4c7a573d9f3839a2bcfb0141f167b7e84cc77840bd4297a725,True
300,2.5,fac45c531ee237cc849fd95f44a82a06104a2c69aeae4730113bb8c2eba49969,597b20c8eec65aafbd3cb98a142946bb4480ee0dda2c55cd52561c244f13f0e9,e4914b217ef055463590ccb13a538c90a2103d4a27668be06e4d1f920ae92e9a,7b26e8ac8edebb8a55915758fa7772f26378f84ba0cd7b0430d621903502e81c,1485182d0128b598ff27a361e68e5c3bcd9f6397c17cd0b1bb6f1c21eb4d142b,e1efa0caa5a467ee510c4c746539c31292948cb51f6c1d4a49b2e665ced501f2,1b43edcaa74a87839d98042d85edc32ba4cb50269ac16ac5e8136da6dcf1a6cb,bbde6f965ee5483b75410deeb0ceb3afed6ec618a8da64ef4c66c9235c876c12,True
312,2.6,1a4a0a1d43229ddf9e347061681f0640ea5400d74602404e0bc15d62b8fb0317,dd794a392e50ebc6a75d04c11763bf7d2772bf7efa48ff600a75eb27276fe8df,d1c71b059259750a7e2ab171431cdf2cf47a50f42b3e04313ba7b24dfd65269c,1923c37dc12c067c6c14584d127505886e93c73d3c109d1afb6c3339d4e37615,96368e6a6aa556dd8c552e855edcb2057915b95279c02b0d0b0afc4e3404fd47,fbecdbbbebe7e2dadbab05d9263069e8e7c35e7e13f37efc471b1eeaf63f3c5f,f07208313d577f02cd154fc8789596d873d7001f926fcc59ffe870f751323638,d6b148ac43a06c91abd3db2f1646802230a6c13ca2254b20b4415d241ee13667,True
324,2.7,8211c79d6544dd260a01941f1a923309587e95be198ebedcee0146895686e5b5,d04cc1d763cd360ed6c943d89ace63bdf55eaba424f95f245d9a17c160a5897c,3e10b209dfa831703d2cebdf2794b511f779f10819c0144c56b8d8d185da1bae,47c012f25678871b84a963198190287cd1d6576b71c843139b8609fcfd464959,065d37288f35ec093c3aab02c5c4dfc071961fddbe0d76adbbe46be4af3a11b5,2fbab1f515b4b14838a6e20de134d94e99b230c19e49a7c2985b031eeb02e542,ecf50fe8dde5da2b75a95c7527c0df3cd0cc287fed6c890e8bf82649e4c39a4f,5e8dd57ea4b707031d0b91200337259b47752d2633bb33258c52f5835a4f1c08,True
336,2.8,ca2b3efacf61c4b01589c3876992ba591bc272f9ed18027fda0eff12270e906c,929fedcb8a5616a09ad92b16c5d3a86803d2f6d57a2019f4fb340fab9bfe6cb2,04dbe65d99742486cdb139f7a2fbdc57f46e0940712336ffbc2efd5ed25abc31,15b90d22007850c568135ef13813dfde887958379576cdac13d562fa283ac5cb,fdb0cf7ec8c01314c914f8c73a0a87b108106af0df0d03be5407e919d602fd6e,de81c26ed51e763a77b3dc60f9a3e81294aebcee85926a661886da1d035b956d,2884cd7751a9d70baba2ab4690d441bcc55b4e53995b5774c35e9585873d749c,411cd8b6ca8c291217e16dec17b800b1e517a3a000a6994014a3bae0fcad7fb7,True
348,2.9,c02991abca0d7c2b4274c4ef9618e9852af29b2ebb9fe8d6e67db84e14948be2,03843f4a087e67421adbbe32a69b82eabb30062942f9b066bccd9184abd089d1,e531d7a77f4caaccac34d50a6f57aab223c3aeddbdbf8b6d32a1fc64f9570b3c,e9fb8a144fc64c5f86c201b139f96197216526298bc8aab2b3ac73495106d852,5a2753aca09ce00467a7db1d3403a0afc602ae2a9833a18f9ab39095ec629e33,fe507983a584f1beed59237070ec1d557e21b435253f8f0c1f81c61488ca181b,13aaf3317b109c36e77b6a2be8fb658151ced319adff01bc79b86d3343567e8d,acbaebdd9bc5ee725070d0a57203e80f3a1134c5edb709980005721586deced6,True
360,3.0,6cba024a398c475681bc7f1936b5e4f3bac5c5943184a01c9d01d8d444e52ef2,79d2052c34561e787fdd7590a623f21b20f3999bd56c53b98634be40a5f3f8bf,df08f4090fe4a3e9e79cbd34198f3a587e41cc86628242bd048681c981c62410,85f05d78c09f31783cc5f1ec4a61e427b9e73a5c7c2e247deb5ccfd105778daa,77638bd67f45fabb37751de4bae8ce6857c75e05a477ec486974f88128e4cd7d,dba92c6fcf63a81281721a876d87b30b41b86169e00675442df566ecc20f87db,c2dbb505532d1238a6b588f782a836adfc8a7de770ba35e19c4408e0a41a4324,98f5e1c9f89d0ae95e816b4bc4ee8f9991571f3f0d95a4fcd0744faf2332c7e8,True
372,3.1,bfa0def5c5c98c88c7f08ac07f267f35b547deae010bd11750af241873726a0d,54110f6feb8cf509accc845926fb96eff29de874a52d1a66ece3131d154fa31b,dd9fdcfeeae80c7d3159a43aeb0db400dd8ed0d8d67ea4b833e24378900bbdab,792e0a1fab66b6b9d6cf02aa892b712dd4547d8a982a0fcb35562a697c153b45,db6ebc89763961bb48f8e35aca9801d25b20f0b93cf331a8318a9170a3b36ef5,27eea5a65e408ed0222ec9eeb5615dc15ced9f539a0bccd23553f1591f37c925,b496e52da90c04cb1b0723a773f85610607a77c0d6263bbfd34a5cf13e4f130e,05864d5d6abcba16a6989cf7d837a67bd22bde6ce693ff5123826e425ca665c7,True
384,3.2,22e900f18ba13eb0188c75ad2780137c097915da726862eac1dec86f590bda5d,e612d0a4f1fc44a2aa92ba4b3136c39d321723640d60eb7181f770db6768bfc9,1e99332d8beaaf1a1beb3c052cc11048594feb2541bf1425596b0deaf9a3f818,46eca2cea4481b314ef181890d96350c61f2d36f64c303e41a84f1111411f869,bc5e3e2bc047ff3f61ced95ff7ee376f8b9df6b7c1c5d87cb5399454f0ce0c0f,a6bc7ea459d771b47f36cd86688267ef3d622b0ed1f5b924f982204e2361caf8,24ddaa0dc6b7691904410c8678cb05277012f13ac7b3ee6de05fd67670b39ab4,422bdf032fd3c9fb29e1c405cf3bda5c0263850bcad1582eb753a5027096e888,True
396,3.3,27cb2cb7bc7bb634a15e6bf94fb9bf8fcdd332a307e9e207d7cfa0913e137ad0,9d1a0ea8e4e706f6820ebc5d9fa746ef4c0ffa33e73a41ca30f65fa1f05f910a,54aca3f8a97b644f058a56c31f5b69eef66586dd2ea9cf33aa8af02a6ae3189e,c2bc6feb69821f8ad543dfb697a232d3ba4113f26bfdf189270dc55a1ee8e6dc,ec82f791930512b3f2dedeff5b6876d413d6c215e28eccae10154774f1ee7c2d,cbd03413c0a257bc7d128ddcc73268afae80f42733c4badb753c114a1551e48d,6fc63c1b0c3ddbbf0f76cd50a90b56db6e59b930aff5bac6f2b6665e90b9049d,bd9d843200607a1e24b583af1472e247a7e9dfdb4b7979f2a75613bc82d40e91,True
408,3.4,80ce314f6a00de9d7b5a3bf97b883e30a3e7e7fe5d006032fcbb1d1c07df7cd6,5949e3725b0d88981070b8ba1987f4b537d9518e5f744383fe047e90a2f8a246,0d4ccd7a4afe4d7b72f49fd42e65a1bccd7f6d8d6ba0597ed1ec5153fb2c3d78,536a001b3245d5114d27f2602a1e4d9611a27c0a2e0bf672bed0bb06b3eef2e9,4c67ca57d6b59eb26d7855fde1937533d25418f2faf0825fb851b7875b8b6e89,097a6811408c6160dab46c0fda1ebb2b7c0d636053948cd6e2e6bf431f6b844b,b785c2630f5401cd974f5487d2ce6930ad109cb4abd83c70629792d5d81d4295,29bac0db8880553614bbc8af13707109eb26a42a8cdea2404380fd087c94c221,True
420,3.5,e61ed7e5ddfe43682e4e5ac1a26fbdd99e10f7d3752c3cab49cb9243a49c0d05,1ae2c75d85a6a9114bfba805aa14f32fa675bda9982602b6d18dd656183c64e8,78dec3c5a83ed7900f9b7f974bdabb02b467ed41cc8d2fadd007a1ec53086300,a8e46514ae957789007f2e2e06ef2734e7c7344cf163af97c6fa5f1c6b4814d0,8a37a49f44c275bbdec813ab0003986a0d1b1c174d56ea2dd1a4474afedc0e9b,ab5c7bdee50fa3a3706de565bad04467e10e64932d326c3a4b8986cf383682c3,b9f5821ed714b860c853108201627ce60777ed5f3115c0c3e4d6199912282a2c,f34b97bbeb5cdf52f546a271dd43436dce09e65676b38664fbc2a7c613da4790,True
432,3.6,f9bb81a07521b079599365f72dc02c4d27a035a9074d3a933e500a0850035673,1fb5c5753a6f07becf63f56ef89df9495dee38857f85bb384fe043e7bdeff06c,7a581cdbc2de00c2992d0e44976451ef6ab6b073fe0e81227d157ee03e391bd4,3cf106d6a7119de4c590f719f806183aeb35b7b832bdf67e068cbe8a2dd17ee8,59552e2954ac4df8325782e6c2a22c8f14ea61fc22271bf498fc4f0584c99c7a,747e3e986530183db1b235c0211f495220bb9ce16461b0c4ceaf09b933a1b849,148c40b7ba683e5a781badf2e26e682009e4f3bce2fc55f21865705a2b698492,b87766bba86d77ea26a774731c46e6508673fa040621e242d75b3d758cc92234,True
444,3.7,a1e2ae920557a0f797144766eb4628b0608f2761641daaab9d0c49aff4901f55,d9a3bcb6c575362c610277dcb837c61c853019fde1e05aac8432b84f72976b37,419fdcb165a5ff05150c8cfb3d31e495e7b23a3e31790131572463b1aa7c46d4,d5ca250a15ae22e42e3fb2dd9068181bc5396bad13b85c46b963eedd159f73b9,ce4a96a44db71cea7de1b8d1a1b9218198ca0b5f0999e228f67e88c934d5a19c,d49fa9f0a97a5613045216f38a5d200512a429aae633e917626357682562425b,9d8151223db6da98eb07f1e7a553fcda51a821090d8645a895f46b91499c8ed3,c9bdc46ce4555a9bacf1e80933861eab0024a84b92be1175c6d8bca862d14cef,True
456,3.8,c60793e323a645a70b657555494d6e119d8d0c4ac4c4058e7d7d4c66b01d8616,81eabf0c22050c75c1fe7ac75d4abfa3c0d719620e97691de6161acc55a17261,0e58fbdeae3aa57491ce839f0a4cd28a19f00f195a70ae45271f5ece88d9cfb3,67bd33bce3e0c8cb7c41d57918658c83dad6e1e49159269d764f9b38480f5136,62e52fcb5837ce8e36371b22fce604b6879cd6c3f51e1247569802c1ec465604,117da9774066400181369194f625a94cc7c10f57558611aadbf5e7e81c81d2f2,1d8d90820843909780e350bcbbc61a6c178d69b94e795dc663800608c1d64372,3ae3b2226928f3e7f31afc183f14c9cd038be51e55763fc22aed56231e32f11c,True
468,3.9,f377a005d0fa653ef13581f6b0378d044039f4b8b6f95a1c588a37f41cc215fd,0698175cbb1a8f30e4062f1410ce588208da59639666a5b357b753ba8793793e,44b79ab306f6177f163bf7d49449e73272db4ff2ed15e1406ca5c55cb0793ba3,e490a9d8a07e0366db269a5dfad13ce7676af387cdf1be77f0e027da528d5332,7c4795ee7d738e347fc152618276a40ab7b8395f9dda520d3bfb39265a8741e6,7d96f0f9ef7cf1a430ff9636d9eeaee45f1bb424c8f19ee29cc311dbd22496c9,41c2b88005b53e8ecec87554496e9f0991aa4d2fe6216ac23905d0a1da1ca959,01364b61be7c9177d8879c377141d28a1eaf7433988b7a5f10a1f926f1e1ab72,True
480,4.0,4a97a8542d73083fa0fc3f4bbd661f35fa5f3da4a75bac45b24456b4c17b3c4b,d757089085bea3977e94cbb5b16755b3433779d39f4c1b416f553398bc3f1019,9104858c0071413a8f6a2ced6e0c80d95526d789fc510a6ed98409bc93836d04,29feb843294f4b10d78aca028600c038eb5e322a22618686fa6dc4f1ef41157a,dfab7dad78a7f21b466c389d623dd475619f2c55ea26d56d7ad2b81a7eacf541,0bca010235306d5f83769d05e1bfdead17c2a5340bd924111ea717d096fb1d9c,10256a0e5fd93c98011013c9038453929f02b6af9316669558806393d70d7ce9,38160f25869171d4d0dce45092c5377c6f06eaa6eb92fffb5bcf8933a419336e,True
492,4.1,b0ad0ee4b6df5233c4abc8788aa00dda011294f8ffa961a69920b180e712b5ab,22ad8c042b8531b32d8a53d5b5c54eebf7d2c6c092b04f32bac9771ca228c0a4,797e26112712077cfcd85fcd86ebecc027380846ce8fcf597c5f5be65d8e7c0c,47cf63cefca53e07d70d03cf19bd19e0baf4494a7708d2687ae709e61f746a29,a17271e3b249a9b4e131ba242d46e222adf106f0c1c4d199dc3bf37093a8993c,51d68725b67403e87d9a597d2004fd006ec198e492abae6c049dda93d2d8292c,ce940cccb14cf032ff14fbc2495b7cca1debfcc3eab85342af6033d1940d2022,f89d024bb7287552b38163471324a6e1867db2a7f809a9941afb0576a9bc4baa,True
504,4.2,aa33a9876b3917535c223cf5497d2c6b9e13697cf0627d4afb429bbbbb96942f,59562c71ccf8b5ee192151b9d4c75b3a952789f91ba9a127ddb7de138a5c82eb,c3d09d1d7c197ea6dc8d17a999a17bc161f462b97397a50c24f0b334795c0bfb,d7c8f71e876a85f4eccc2bca8a4f7290bc679e26da484c7aa66cdc5490a29dac,4d7d982a898133a613d3958e3c7458437f227bf6d5623d95d28a9bbc5432cd59,cde0355a311465b51f1595d429cd7be750240f5b0a9cb3fd73481e088defcd1c,c6c49c25a466b9ea12215d28bbe05599c07a7f7a8796d1f4b405a816979a6e99,835beae96d5681d29c4bd1895a52b1ba4a3c96f3d266e30f5402aed63818975f,True
516,4.3,5534fd11d9448ee57021aeb762a5828f1709db93bd11b35519a4780f1c5e57ba,353e163a6031f537bf09b9753cca822227b76f43a0a9c98edb27712126a37e87,469e37a6881fc36ea567ce0502453f52358fe46b7bc335e31ee522f191b508ac,e687f37408b4b59c1c84fb27f7dd307efdbadbb4cbc72ceaae4218dbc3352c44,e0aa24b9b98948ac7bed1217364e92ec5303ea15539f3a07dde9491eebc3973b,fd7471c13974009b27a5b2fe71c02270074ef7eee3c5a5d38267ffdf5dfee24b,3a11817d72eb9e96ecd7edb2c6eda109f068a051ebfdf7b0af3c3250d95ec489,d2eb598a369afe30351c1765229413100b6011e1649be12087c9cda343dbc409,True
528,4.4,1469eeb5afc55c9f29b5590b506e9652605c5217de014cc14656a49fdd80e9a9,d3024a2e9541be2e657b523579aba059c3955a1520fd6b5b043f7a5adf59ee86,44eba6b42b0d5500a31f7148a7b2219e674685073795976a2e4f12f14e1e8d01,ccf905b642bbc1528f256c518624f59540cb689d1836d35a60e18226b48216af,33ee007551266502f6c8353d5206ac705fff857ea24aed9060d7dda9bba41e7c,eaf99a23d7e4558733214fff3c962fcd526939759994e8a90320d3e1ab47074a,2c18935b94cfe183257983b7752f4a98a2605e0e4ee5d2f40d9f2e5b677e5ffd,8fd8388de4ae136b4ec65b308862386dd2976f3e522fc25f22152e22bf76349f,True
540,4.5,078d0f897130c1a3da1aaa945636bc5b2cb5650555454dfa6d5213d935f88b4c,7e66111a391f65ce07489758fa2f603172ef5ac0f6d1437c4a31eb21ad308607,67b5338b0721e5baa8542a07431f1d126bc9638b1f07719dff9a68284e3cb739,81d97b05f52be6016b870f2356b7d9d4509081d5bbd01593e8557d0c8e672d6d,adb7a9cdb704ea0518c556343fa7ab0ecfa7799cf3e562fd809f1226d885974e,a4b40bdd638034e3616b2bdeacf074b4a04c5df043d2a1fd21eaffd9824923bd,34400c1f1a19b3af82e777e9edf8a1e957b8f5ce1ecc1a251028e91c031c19da,64ceec27afee93884365aefc84cdb44152222b7215c6ba761de10589800a9c29,True
552,4.6,56aa4a382dcdfce1691a5603a83957e13e3382bcc07169611528f4e58d3eae5d,11a977ebc26d9b2de84605987f22929d2010164162559c1886665e1eae21e826,554cc3958ccddcbef24736478d9376f54a4179e6f25186ace9555aeacf7b2697,07b69b84ecbeb5b5862976a8048a18d10447eade75b640d5ca23986c59b4763f,7081739bbc7559f0f0dacc46389b307307c37b72a30d8a1b7143fb36edca97ac,dfad54aea6690ebec6455cc42ad46238c5f836e405ce9daa069087679065c626,331fcd565da6afaa92851dca9a6f5dea09f7bacf366737cd31e746354267d8e1,670cd04d806843a47050657bead3659040b5ec41fb1f9c00be6e6e73517f88f2,True
564,4.7,9c967c2538b0f0d27da28d6fe27698f501004fed23ba6eef26f614175f14df98,7049896728c17a7b11f5588470d5fab52923b7b9a031eeb73cec8fb2860b327d,cf4971bbda1168edbb445653fdd1de786313cae57de7964f35c2fe2d1514d0b7,c23bbc65586241bffa38bf06b403561095b8dad09e90cde7fdc569e4c3f9a003,d307c6fd7f35d6ff0e6c45f0af6f210ca0eea300dd2d9f5389a2ba1f15ce42f0,2e4da54383c82b50899d5effb0ae21f3db18ce1497a00eef133eefcdd9703968,59e8a92fc277ac77134278dfbba2596b61ed6b89850d779c04871c95beb38629,ca75e44292a77503ec8258c559fcc823bcc13ef14e38de53381f1ff519082ba9,True
576,4.8,536085d10e5c08f9dd4005b0de11def8116c0cabf9e9d8df45652b3cdbbbdd87,35beba5f8bb4a718a60ce6da4bac0fdcf7a8329767230f988f51d7ed5c97125c,06b3ef1078983b3337bcde9133b216763a9670d75de7611ab134c05de4d150f4,5177d98872949eec8854d5fb16db92a979cef1e6a76a1c816bd09e6cbe66af53,14802d18408964a0a8f2ee9873592bdd478dd4b3727c41959c30b8335bfbcef4,5d007d493a1ce52a1db3a66522a11c7f680f037355da0ee6789f4864037e1712,e10630eb5b669ddd0547b27b03c7556e67572a1761d148a0040885b6425efd32,bee7df0d711a67319408e304f22d43b2723fd34071624ea7f5cb6c53485673a1,True
588,4.9,afe2346911ea237b7b2beb55b664fb62b680be1dd10565d7324d28976ef3d7e6,e12726f28a9c0b8b46e396e27bcdc7249802e6177bf766876ebfc5e8aac6e7d7,8bf3e92b30561c3bd9d2a67ff0ae48014ae7fee6111d52750a43cc21ecdc3688,9477e5d44c9d6238d7c98b2fd77bd471bc2c2e70cafb5ef495e35f6d06a6e614,029b160cd93ce50ba692456aee471214d57aec74f6e6af77bf3026da37364e55,030c8c238b6afd3ee2533e70a4ac1deb876c722c155beb707642825691595691,51ff55ca20bbe6a73ece5cbe1c98406f434fb85851c98a4129d7e9e877a83e32,113d9b39b77aa3871279a00a8abd9f5df2812f2ef1a42dfd2592d1c55f233f97,True
