clip,sequence,frame_index,clip_ordinal,sampled,bicubic_y_psnr_db,bicubic_y_ssim,r0_y_psnr_db,r0_y_ssim,qat456_y_psnr_db,qat456_y_ssim,qat_minus_r0_psnr_db,qat_minus_r0_ssim,r0_minus_bicubic_psnr_db,qat_minus_bicubic_psnr_db
Bosphorus_5s,Bosphorus,0,0,True,41.75775045722069,0.9723103062809324,43.34570985952023,0.9757103024896059,43.63902368176777,0.9780959830626309,0.29331382224754066,0.0023856805730250175,1.5879594022995391,1.8812732245470798
Bosphorus_5s,Bosphorus,25,5,True,43.08806555652819,0.9804826415298991,44.77159353780931,0.9823750753702484,45.20410519328847,0.9848812571649874,0.4325116554791606,0.0025061817947390486,1.6835279812811166,2.116039636760277
Bosphorus_5s,Bosphorus,50,10,True,42.723070585308136,0.9796880484294771,44.407457520876704,0.9817508112178381,44.80180959188428,0.9842202859289277,0.3943520710075745,0.002469474711089603,1.6843869355685683,2.078739006576143
Bosphorus_5s,Bosphorus,80,16,True,42.044834395671344,0.9751289465836216,43.62479678162267,0.9779579934696749,43.957012193121045,0.9803987911535442,0.33221541149837464,0.002440797683869289,1.579962385951326,1.9121777974497007
Bosphorus_5s,Bosphorus,105,21,True,43.026366039340154,0.9801373324874564,44.677888583518914,0.9819391045235885,45.109853309332884,0.9844407508076142,0.4319647258139696,0.002501646284025716,1.6515225441787607,2.0834872699927303
Bosphorus_5s,Bosphorus,130,26,True,42.9691136121958,0.9797594521232458,44.567920855319166,0.9815042551770153,44.98132156285712,0.9840524783562082,0.4134007075379529,0.002548223179192899,1.5988072431233675,2.0122079506613204
Bosphorus_5s,Bosphorus,155,31,True,43.01958842625933,0.9798158453503102,44.68653567485283,0.9816651473562481,45.113886473220184,0.9841950657368236,0.4273507983673568,0.00252991838057548,1.6669472485934946,2.0942980469608514
Bosphorus_5s,Bosphorus,180,36,True,43.00430454972471,0.9794937782623818,44.64961457347855,0.98143956465748,45.085973609875644,0.9840004931143236,0.43635903639709284,0.0025609284568436363,1.6453100237538436,2.0816690601509364
Bosphorus_5s,Bosphorus,205,41,True,43.26181974622124,0.9811597261968356,45.009647342571135,0.9828845965741312,45.47874178824444,0.9854121666490699,0.4690944456733064,0.0025275700749387564,1.747827596349893,2.2169220420231994
Bosphorus_5s,Bosphorus,235,47,True,43.517585475586664,0.9817422697482832,45.18196058582103,0.9831632757486367,45.684564015876646,0.9857819406444316,0.5026034300556148,0.0026186648957948755,1.6643751102343671,2.166978540289982
Bosphorus_5s,Bosphorus,260,52,True,43.47860146175403,0.9808433115342929,45.048314685890844,0.9823541146432522,45.5212916874151,0.984983160636255,0.4729770015242565,0.002629045993002843,1.5697132241368124,2.042690225661069
Bosphorus_5s,Bosphorus,285,57,True,43.86608651713645,0.9821551121523266,45.39865080486357,0.9832799511568943,45.916484738784355,0.9859208645050809,0.5178339339207838,0.002640913348186613,1.5325642877271193,2.050398221647903
Bosphorus_5s,Bosphorus,310,62,True,43.79666196448462,0.982214010627599,45.37847207618394,0.9834200375840775,45.88546417364049,0.9860487058738092,0.5069920974565534,0.0026286682897317393,1.581810111699319,2.0888022091558724
Bosphorus_5s,Bosphorus,335,67,True,43.732736678254895,0.9817227549367964,45.2863710118214,0.9828508929768991,45.770086598939194,0.9854649330538063,0.4837155871177927,0.0026140400769072425,1.5536343335665066,2.0373499206842993
Bosphorus_5s,Bosphorus,360,72,True,43.63928279825274,0.9809900225020308,45.161535727156135,0.9822655321506851,45.64453557589304,0.9849464946806574,0.4829998487369025,0.0026809625299722972,1.5222529289033986,2.005252777640301
Bosphorus_5s,Bosphorus,390,78,True,43.83456720834008,0.9822025797252919,45.34102564664199,0.9830987271840135,45.85042154320277,0.9858162721834346,0.5093958965607825,0.0027175449994211176,1.5064584383019053,2.015854334862688
Bosphorus_5s,Bosphorus,415,83,True,44.05069937518961,0.9822165469096282,45.479016196744354,0.9829599520859732,45.97046250870507,0.9855587702830718,0.49144631196071487,0.002598818197098618,1.4283168215547448,1.9197631335154597
Bosphorus_5s,Bosphorus,440,88,True,43.58660215879872,0.9811333479767131,45.15167451172239,0.982443021509849,45.6041002324832,0.9849982292942137,0.45242572076080734,0.002555207784364688,1.5650723529236714,2.0174980736844788
Bosphorus_5s,Bosphorus,465,93,True,44.02122552024232,0.9830688968409554,45.612179662434194,0.983922793977151,46.13513537329767,0.9865497882411236,0.5229557108634779,0.002626994263972615,1.590954142191876,2.113909853055354
Bosphorus_5s,Bosphorus,490,98,True,43.85332491420327,0.9829782862665384,45.48000495898908,0.9837879021524922,45.97804488707662,0.9863898046139274,0.49803992808754316,0.0026019024614352126,1.6266800447858074,2.1247199728733506
Bosphorus_5s,Bosphorus,515,103,True,44.04251722670889,0.9833254828811362,45.64188313160698,0.9839574668616529,46.16392450990536,0.9865755041067048,0.5220413782983755,0.0026180372450519407,1.599365904898093,2.1214072831964685
Bosphorus_5s,Bosphorus,545,109,True,44.34101290096077,0.9834276532972139,45.76130061718929,0.9838576554749368,46.28148086962827,0.9863920380403495,0.5201802524389763,0.0025343825654127183,1.420287716228522,1.9404679686674982
Bosphorus_5s,Bosphorus,570,114,True,44.34883727923125,0.9842336987699052,45.85427753981962,0.9847377387157761,46.38937978366411,0.9872344488521733,0.5351022438444915,0.0024967101363971844,1.5054402605883723,2.040542504432864
Bosphorus_5s,Bosphorus,595,119,True,44.55793495554779,0.984526280672858,46.04577845622207,0.9849419499264376,46.61284053456023,0.9874488126067353,0.5670620783381608,0.002506862680297761,1.4878435006742734,2.054905579012434
CityAlley_0_5s,CityAlley,0,0,True,34.232291572429276,0.8811072347011335,34.95382452713792,0.88627617829285,34.972227675665316,0.8865699172259919,0.01840314852739766,0.00029373893314188493,0.7215329547086426,0.7399361032360403
CityAlley_0_5s,CityAlley,10,5,True,34.24473391805721,0.8811727136533264,34.96604727168478,0.8863109819075704,34.98378466998347,0.8866059722965361,0.017737398298692142,0.0002949903889657435,0.721313353627572,0.7390507519262641
CityAlley_0_5s,CityAlley,22,11,True,34.24681168637377,0.8812810546624495,34.967958427091745,0.8864285942377546,34.98606048614672,0.8867259837364608,0.018102059054974973,0.00029738949870627973,0.7211467407179768,0.7392487997729518
CityAlley_0_5s,CityAlley,32,16,True,34.242958101899816,0.8812939571902134,34.96716363362499,0.8864145470191792,34.98461164646316,0.8867083547736088,0.017448012838165994,0.00029380775442955365,0.7242055317251754,0.7416535445633414
CityAlley_0_5s,CityAlley,44,22,True,34.24991519414377,0.881689726665578,34.97559574146743,0.8867793357960198,34.995400704639636,0.8871040190134114,0.019804963172205703,0.0003246832173916525,0.7256805473236625,0.7454855104958682
CityAlley_0_5s,CityAlley,54,27,True,34.23823981504626,0.8818337422829706,34.968776282406125,0.8869241559331136,34.98754744085669,0.8872463363255859,0.018771158450562098,0.00032218039247233765,0.7305364673598618,0.7493076258104239
CityAlley_0_5s,CityAlley,64,32,True,34.22875235185666,0.8820210515055383,34.96025245221511,0.8870950466447393,34.97882662799352,0.8874060441773858,0.018574175778411472,0.00031099753264651753,0.7315001003584456,0.7500742761368571
CityAlley_0_5s,CityAlley,76,38,True,34.240708039146284,0.8821209241196658,34.972285985349416,0.8871958257197097,34.99113960519074,0.8875174818401462,0.018853619841323166,0.0003216561204365531,0.7315779462031315,0.7504315660444547
CityAlley_0_5s,CityAlley,86,43,True,34.238418435813756,0.8822466329348078,34.977294656784025,0.8873079656433164,34.995616846927724,0.8876174034691999,0.0183221901436994,0.00030943782588355173,0.7388762209702691,0.7571984111139685
CityAlley_0_5s,CityAlley,98,49,True,34.20384325923535,0.8821442047074788,34.944826943007236,0.8872322092209901,34.964348636078235,0.8875646454343348,0.019521693070998936,0.0003324362133446668,0.7409836837718871,0.760505376842886
CityAlley_0_5s,CityAlley,108,54,True,34.20937477839331,0.882267666705575,34.948751564621176,0.8873211630360505,34.96828337699038,0.8876535566038976,0.019531812369201873,0.00033239356784708907,0.7393767862278651,0.7589085985970669
CityAlley_0_5s,CityAlley,118,59,True,34.1915303078975,0.8822035857973538,34.9287802092159,0.8872637203578609,34.949384183332015,0.8875860208858612,0.020603974116113477,0.00032230052800030773,0.7372499013183997,0.7578538754345132
CityAlley_0_5s,CityAlley,130,65,True,34.17167431295019,0.8823033915367651,34.90935315714892,0.8873338784777783,34.93089857434888,0.8876943756398216,0.021545417199959616,0.00036049716204322735,0.737678844198733,0.7592242613986926
CityAlley_0_5s,CityAlley,140,70,True,34.15759268272303,0.8821442871275001,34.892244963137784,0.8871867479087872,34.91370288772138,0.8875426774295759,0.021457924583593524,0.00035592952078877804,0.7346522804147568,0.7561102049983504
CityAlley_0_5s,CityAlley,150,75,True,34.151094328170196,0.8822940188989277,34.88923572971565,0.8873411835060153,34.910088689421684,0.8876943832532832,0.020852959706033403,0.00035319974726788494,0.7381414015454553,0.7589943612514887
CityAlley_0_5s,CityAlley,162,81,True,34.18735146001761,0.882915394657432,34.92399775902439,0.8879149426308559,34.94463818865513,0.8882594699529559,0.02064042963073831,0.0003445273220999967,0.7366462990067788,0.7572867286375171
CityAlley_0_5s,CityAlley,172,86,True,34.15664653398587,0.8826923979627667,34.892794582527856,0.8877001146797827,34.913752891090255,0.8880664195023881,0.020958308562398997,0.0003663048226053567,0.7361480485419847,0.7571063571043837
CityAlley_0_5s,CityAlley,184,92,True,34.15753475582073,0.8828561245057645,34.8925344910476,0.8878495669671654,34.913640586349636,0.888223834376696,0.021106095302037886,0.0003742674095306153,0.7349997352268716,0.7561058305289095
CityAlley_0_5s,CityAlley,194,97,True,34.16958081054471,0.8831646593435672,34.90069353369829,0.8881484535563284,34.92153105184503,0.8885253700776996,0.02083751814674173,0.0003769165213711734,0.7311127231535792,0.751950241300321
CityAlley_0_5s,CityAlley,204,102,True,34.13439794432485,0.8828685529735233,34.86215435911651,0.8878235776592207,34.88334503806157,0.8881990017227548,0.02119067894506088,0.00037542406353408,0.7277564147916564,0.7489470937367173
CityAlley_0_5s,CityAlley,216,108,True,34.11022218049725,0.8830182128836724,34.84000924477356,0.8879902345630132,34.861228037558824,0.8883763762026141,0.021218792785262508,0.0003861416396009343,0.7297870642763087,0.7510058570615712
CityAlley_0_5s,CityAlley,226,113,True,34.11503337508117,0.8832755702775369,34.83969226232236,0.8882037774163082,34.8610434306771,0.8885699403685693,0.021351168354740935,0.0003661629522611065,0.7246588872411905,0.7460100555959315
CityAlley_0_5s,CityAlley,238,119,True,34.07249741768604,0.8828938951313811,34.79777602692243,0.8878770979981229,34.81818018802365,0.8882594281223312,0.020404161101225782,0.0003823301242082966,0.7252786092363905,0.7456827703376163
CityAlley_0_5s,CityAlley,248,124,True,34.068693823532,0.8831135733460072,34.78957865291684,0.8880180302316569,34.81139935471775,0.8884319496388481,0.021820701800912445,0.0004139194071911545,0.7208848293848362,0.7427055311857487
CityAlley_6_11s,CityAlley,300,0,True,33.971300177226425,0.883359352927504,34.69784731724529,0.888337858209922,34.71819571936434,0.8887273201549722,0.02034840211904765,0.00038946194505029563,0.7265471400188659,0.7468955421379135
CityAlley_6_11s,CityAlley,310,5,True,33.9709495767379,0.8837072361845809,34.691175971783764,0.8885589150338212,34.71182445356736,0.8889588086033761,0.020648481783595685,0.00039989356955483224,0.7202263950458629,0.7408748768294586
CityAlley_6_11s,CityAlley,322,11,True,33.950027983963814,0.8838057837225116,34.67381532346859,0.8887173273262513,34.694175949574685,0.889118882148989,0.020360626106096902,0.00040155482273773746,0.7237873395047743,0.7441479656108712
CityAlley_6_11s,CityAlley,332,16,True,33.92329023542592,0.8839064147121571,34.639958406314825,0.8887296554345072,34.65962494940226,0.8891130930661405,0.019666543087431876,0.0003834376316332877,0.7166681708889087,0.7363347139763405
CityAlley_6_11s,CityAlley,344,22,True,33.90779052369466,0.8839402926151124,34.62393949605779,0.8887584458807325,34.64369458154921,0.8891468363100116,0.01975508549142546,0.00038839042927907297,0.7161489723631291,0.7359040578545546
CityAlley_6_11s,CityAlley,354,27,True,33.881228714013304,0.8839174637707499,34.59932583275616,0.8887580874183204,34.61946555445467,0.8891745506464785,0.020139721698512858,0.0004164632281581371,0.718097118742854,0.7382368404413668
CityAlley_6_11s,CityAlley,364,32,True,33.88114393554315,0.8842867434936552,34.60125410975559,0.8890806373315645,34.62155543959281,0.8895140605710649,0.020301329837224102,0.00043342323950035233,0.7201101742124365,0.7404115040496606
CityAlley_6_11s,CityAlley,376,38,True,33.85816678957925,0.8842391497434935,34.58386917448891,0.8890655669895591,34.60349764992651,0.8894792289091344,0.01962847543759949,0.0004136619195753699,0.7257023849096598,0.7453308603472593
CityAlley_6_11s,CityAlley,386,43,True,33.82526340519702,0.8840066112311202,34.553877881563515,0.8888415585592155,34.57347537286641,0.8892462441134,0.01959749130289623,0.0004046855541844918,0.728614476366495,0.7482119676693912
CityAlley_6_11s,CityAlley,398,49,True,33.806824123107255,0.8842244556213386,34.53861395322216,0.8891045572187758,34.55753648998135,0.8895319791090958,0.018922536759191644,0.0004274218903199678,0.7317898301149057,0.7507123668740974
CityAlley_6_11s,CityAlley,408,54,True,33.7862495553848,0.8843731597090727,34.51388788758584,0.8892025081123869,34.53313067587412,0.8896237288583186,0.019242788288281076,0.00042122074593176073,0.7276383322010389,0.74688112048932
CityAlley_6_11s,CityAlley,418,59,True,33.75828910064617,0.8841508686503309,34.486248765138924,0.8889588390767158,34.506845854481384,0.8894082162203245,0.020597089342459185,0.00044937714360870906,0.727959664492758,0.7485567538352171
CityAlley_6_11s,CityAlley,430,65,True,33.738847247725595,0.8843367498856514,34.468104599264194,0.8891679372306445,34.48770813901263,0.8896046346058257,0.01960353974843798,0.00043669737518126084,0.7292573515385996,0.7488608912870376
CityAlley_6_11s,CityAlley,440,70,True,33.71024308218819,0.88444389261584,34.44491398016497,0.8893127176365644,34.46438961147122,0.8897459595101321,0.019475631306249852,0.0004332418735677468,0.7346708979767769,0.7541465292830267
CityAlley_6_11s,CityAlley,450,75,True,33.69262448221449,0.8843818639032375,34.42676063236846,0.8892373863688491,34.44579799846953,0.8896525930839867,0.019037366101066766,0.0004152067151376171,0.7341361501539723,0.753173516255039
CityAlley_6_11s,CityAlley,462,81,True,33.67459853334077,0.884576066752288,34.412854447035954,0.8894038382245875,34.431915916362726,0.8898323355881327,0.019061469326771885,0.0004284973635452216,0.7382559136951841,0.757317383021956
CityAlley_6_11s,CityAlley,472,86,True,33.65787074815801,0.884485844407915,34.39803359992288,0.8893119066519976,34.41845073549939,0.8897508526805997,0.020417135576508372,0.0004389460286021718,0.7401628517648717,0.7605799873413801
CityAlley_6_11s,CityAlley,484,92,True,33.64748056935072,0.884799100107531,34.38652680060452,0.8895797820653512,34.40774633910954,0.8900463128936997,0.02121953850502223,0.00046653082834857695,0.739046231253802,0.7602657697588242
CityAlley_6_11s,CityAlley,494,97,True,33.6365688306508,0.88492745588041,34.38082881930272,0.8897367864953971,34.40078290229526,0.8901593519462004,0.01995408299254109,0.00042256545080332497,0.744259988651919,0.7642140716444601
CityAlley_6_11s,CityAlley,504,102,True,33.6380848529628,0.8850712413536517,34.381431316788195,0.8898544854335989,34.40202713469557,0.8903078662549277,0.020595817907377523,0.0004533808213288415,0.7433464638253966,0.7639422817327741
CityAlley_6_11s,CityAlley,516,108,True,33.61840106037772,0.8849411038935239,34.36665929180137,0.8897531556640748,34.38771484676037,0.8901955422609407,0.021055554958998357,0.00044238659686590687,0.7482582314236481,0.7693137863826465
CityAlley_6_11s,CityAlley,526,113,True,33.59220729952628,0.8848841797394061,34.34142129497299,0.889678636689317,34.362089842952706,0.8901318969229048,0.02066854797971729,0.00045326023358782663,0.7492139954467092,0.7698825434264265
CityAlley_6_11s,CityAlley,538,119,True,33.58003542403046,0.8848400554012968,34.327642770858176,0.8896645671293856,34.348224586940546,0.8900987128861506,0.02058181608236964,0.0004341457567650364,0.7476073468277136,0.7681891629100832
CityAlley_6_11s,CityAlley,548,124,True,33.56539897128468,0.8849497270084723,34.31177803529486,0.8897408343900953,34.33157178362975,0.8902046275442378,0.019793748334890893,0.0004637931541424667,0.7463790640101777,0.7661728123450686
FlowerFocus_0_5s,FlowerFocus,0,0,True,38.97842603912789,0.8907081831715078,39.009099984445086,0.8914545626641169,39.04514660272267,0.892248220812203,0.03604661827758093,0.0007936581480860738,0.030673945317197138,0.06672056359477807
FlowerFocus_0_5s,FlowerFocus,10,5,True,38.896344674061474,0.8898170110187484,38.951219936444986,0.8909914859405684,38.98768192556298,0.8917968068471261,0.036461989117995586,0.000805320906557716,0.05487526238351137,0.09133725150150696
FlowerFocus_0_5s,FlowerFocus,22,11,True,38.950050178501996,0.8903048030748562,38.983363013528525,0.8909838284750282,39.020459063748014,0.8918059280849959,0.03709605021948903,0.000822099609967708,0.033312835026528376,0.0704088852460174
FlowerFocus_0_5s,FlowerFocus,32,16,True,38.92355251418469,0.8900399503946224,38.97115000106928,0.8910507664544507,39.00763002019747,0.8918560827249821,0.03648001912818444,0.0008053162705313754,0.04759748688459098,0.08407750601277542
FlowerFocus_0_5s,FlowerFocus,44,22,True,38.89860169159548,0.8897690057931313,38.94999759669677,0.8906944862890974,38.984982642324326,0.8914709017516073,0.034985045627557554,0.0007764154625098385,0.05139590510128755,0.08638095072884511
FlowerFocus_0_5s,FlowerFocus,54,27,True,38.929792546205434,0.8902201805881963,38.973479363721346,0.8910946348791635,39.00942434735634,0.8918836150174929,0.03594498363499099,0.0007889801383293982,0.04368681751591197,0.07963180115090296
FlowerFocus_0_5s,FlowerFocus,64,32,True,38.83797699030522,0.8896632051470198,38.90521498751121,0.890727616109745,38.94154481425246,0.891547333740908,0.036329826741251736,0.0008197176311629528,0.06723799720598578,0.10356782394723751
FlowerFocus_0_5s,FlowerFocus,76,38,True,38.86662076580312,0.8898095699840807,38.92411484694779,0.8907523482759936,38.95983500719184,0.8915448725970586,0.035720160244054,0.0007925243210650246,0.05749408114466803,0.09321424138872203
FlowerFocus_0_5s,FlowerFocus,86,43,True,38.83731818067052,0.8896834184386624,38.904001475105694,0.8907550990825851,38.9403087910878,0.8915671760376277,0.036307315982107013,0.0008120769550425955,0.06668329443517251,0.10299061041727953
FlowerFocus_0_5s,FlowerFocus,98,49,True,38.92735190133124,0.8904854938020378,38.97832334172941,0.8914182978156403,39.014549084124184,0.8922130253315647,0.03622574239477672,0.0007947275159243539,0.0509714403981647,0.08719718279294142
FlowerFocus_0_5s,FlowerFocus,108,54,True,38.833415432759296,0.8893706969556632,38.8931916929356,0.8903395954262976,38.92906147555139,0.8911399200332237,0.03586978261579077,0.0008003246069261394,0.05977626017630655,0.09564604279209732
FlowerFocus_0_5s,FlowerFocus,118,59,True,38.74062953449199,0.8882762813429883,38.82801482784289,0.8897236680838214,38.86256935546659,0.8904964982528993,0.034554527623697595,0.0007728301690779205,0.08738529335090561,0.12193982097460321
FlowerFocus_0_5s,FlowerFocus,130,65,True,38.8133504006455,0.8892083797541155,38.8837328529015,0.8903664551332706,38.919081114745524,0.8911571634539935,0.03534826184402107,0.0007907083207229215,0.07038245225600548,0.10573071410002655
FlowerFocus_0_5s,FlowerFocus,140,70,True,38.77741663651086,0.8888242101564408,38.86161959949932,0.8902290470750096,38.8972244509813,0.8910192092663983,0.03560485148197756,0.0007901621913887213,0.08420296298846353,0.11980781447044109
FlowerFocus_0_5s,FlowerFocus,150,75,True,38.81535215440184,0.889138056087362,38.8937601479839,0.8905125528232319,38.92911157635256,0.891296256988175,0.03535142836866356,0.0007837041649431109,0.0784079935820543,0.11375942195071787
FlowerFocus_0_5s,FlowerFocus,162,81,True,38.86354985739989,0.889663984093629,38.93339481644077,0.8909269122163554,38.969203522820514,0.8917181215489044,0.03580870637974698,0.0007912093325489478,0.06984495904087851,0.10565366542062549
FlowerFocus_0_5s,FlowerFocus,172,86,True,38.91198021566163,0.8900111308576183,38.96577154897682,0.8911415767942192,39.00120777187548,0.8919172414306136,0.03543622289866022,0.0007756646363943354,0.05379133331518915,0.08922755621384937
FlowerFocus_0_5s,FlowerFocus,184,92,True,38.866806576648955,0.890048313703541,38.933318985937674,0.8911594456924061,38.97019708942209,0.8919669085438465,0.036878103484419,0.0008074628514403992,0.06651240928871971,0.10339051277313871
FlowerFocus_0_5s,FlowerFocus,194,97,True,38.81823147124042,0.8895321286572612,38.90494351617061,0.8910818594903828,38.94117817728548,0.8918860584019903,0.03623466111486806,0.0008041989116075454,0.08671204493018791,0.12294670604505598
FlowerFocus_0_5s,FlowerFocus,204,102,True,38.92465168706196,0.891083836653542,38.984183680629144,0.8920565812326018,39.02227509064025,0.8929088552404401,0.03809141001110561,0.0008522740078382718,0.05953199356718386,0.09762340357828947
FlowerFocus_0_5s,FlowerFocus,216,108,True,39.04090756087664,0.8924426638192289,39.07304898338242,0.893077777582895,39.11176346690725,0.8939279626657,0.03871448352482787,0.0008501850828049884,0.03214142250578078,0.07085590603060865
FlowerFocus_0_5s,FlowerFocus,226,113,True,38.96696417288631,0.8920157185545308,39.021927068923794,0.8928808029621554,39.06060479800192,0.8937343807927124,0.038677729078123946,0.0008535778305569508,0.054962896037487496,0.09364062511561144
FlowerFocus_0_5s,FlowerFocus,238,119,True,39.050802789241104,0.8931650950974175,39.08237938077124,0.8936365463930599,39.12259741830602,0.8945190580831676,0.04021803753477826,0.0008825116901076679,0.03157659153013981,0.07179462906491807
FlowerFocus_0_5s,FlowerFocus,248,124,True,39.19516921469508,0.8949183736760481,39.18295470721507,0.8948973898609958,39.22538854724011,0.8958369504241179,0.04243384002504058,0.000939560563122166,-0.012214507480010184,0.030219332545030397
FlowerFocus_6_11s,FlowerFocus,300,0,True,39.119831683607025,0.8961281922575346,39.16388889729146,0.8966575236691741,39.21037963974164,0.8976906283324098,0.0464907424501817,0.0010331046632356955,0.044057213684432384,0.09054795613461408
FlowerFocus_6_11s,FlowerFocus,310,5,True,39.323812061205146,0.8982420885055393,39.328158479154524,0.8983211016395088,39.3764006522202,0.8993600520004695,0.04824217306567391,0.0010389503609606887,0.0043464179493781785,0.05258859101505209
FlowerFocus_6_11s,FlowerFocus,322,11,True,39.14405321230763,0.8969371901987393,39.19127912973865,0.8974258466945333,39.24044943599196,0.8985018764196695,0.04917030625330909,0.0010760297251362072,0.047225917431021,0.0963962236843301
FlowerFocus_6_11s,FlowerFocus,332,16,True,39.31327588057045,0.8991239676413524,39.339290637789595,0.8993565966234345,39.390670478931035,0.9004548310618484,0.0513798411414399,0.0010982344384139475,0.026014757219144258,0.07739459836058415
FlowerFocus_6_11s,FlowerFocus,344,22,True,39.238667570657086,0.8988453179331298,39.27697753322983,0.899071912132868,39.33038233601242,0.9002258148278759,0.053404802782587524,0.0011539026950079245,0.03830996257274677,0.0917147653553343
FlowerFocus_6_11s,FlowerFocus,354,27,True,39.427781592089374,0.9011505348523389,39.43328439852998,0.9009789272936021,39.48866295734477,0.9021466678637952,0.05537855881479459,0.0011677405701930876,0.005502806440603081,0.06088136525539767
FlowerFocus_6_11s,FlowerFocus,364,32,True,39.353616097379174,0.9005223434922108,39.3704916574266,0.9004338348232563,39.425320683550744,0.901599893597694,0.054829026124146196,0.0011660587744376505,0.016875560047424187,0.07170458617157038
FlowerFocus_6_11s,FlowerFocus,376,38,True,39.525297826864076,0.9024088709758274,39.51917405127535,0.9020703578689112,39.57664378896027,0.9032747932283997,0.0574697376849187,0.0012044353594884427,-0.006123775588726232,0.051345962096192466
FlowerFocus_6_11s,FlowerFocus,386,43,True,39.487075190158045,0.9020343480587529,39.47754768429516,0.9016153031803428,39.534171935992774,0.9028239887767281,0.056624251697613204,0.0012086855963853171,-0.009527505862884311,0.04709674583472889
FlowerFocus_6_11s,FlowerFocus,398,49,True,39.52997605427396,0.9023083060550308,39.51267717820037,0.9018036227485933,39.56830161492264,0.902986094376006,0.05562443672226891,0.0011824716274126956,-0.017298876073589042,0.03832556064867987
FlowerFocus_6_11s,FlowerFocus,408,54,True,39.54888012963132,0.9024986178184379,39.52368317968233,0.9018924558600739,39.57988981046571,0.9030962110325302,0.05620663078337884,0.0012037551724563,-0.025196949948991687,0.031009680834387154
FlowerFocus_6_11s,FlowerFocus,418,59,True,39.56299766675228,0.9025326424964981,39.536721608308824,0.9018982724174038,39.59212835574152,0.9030778590200277,0.05540674743269847,0.00117958660262385,-0.026276058443457373,0.029130688989241094
FlowerFocus_6_11s,FlowerFocus,430,65,True,39.5528120304557,0.9022286038748378,39.52098071570541,0.9015441782697532,39.576944707177255,0.9027612097689882,0.05596399147184172,0.0012170314992350217,-0.03183131475028489,0.024132676721556834
FlowerFocus_6_11s,FlowerFocus,440,70,True,39.559232440848405,0.9021279314106372,39.52521771558045,0.9014068110007611,39.57858623133669,0.9025566491139394,0.05336851575624024,0.0011498381131782587,-0.03401472526795146,0.01935379048828878
FlowerFocus_6_11s,FlowerFocus,450,75,True,39.53350043658233,0.9018002197876893,39.50636225758337,0.9012143323495638,39.56092633333016,0.9023860612651858,0.05456407574678934,0.0011717289156220057,-0.027138178998960427,0.027425896747828915
FlowerFocus_6_11s,FlowerFocus,462,81,True,39.38449078016613,0.900998608113031,39.414856081936485,0.9007286985442674,39.470543871880615,0.9018747727018407,0.05568778994413037,0.0011460741575732847,0.03036530177035246,0.08605309171448283
FlowerFocus_6_11s,FlowerFocus,472,86,True,39.67868409395935,0.9019457535508741,39.61389366136824,0.9009494893847246,39.67211514339046,0.9022212093635429,0.058221482022219107,0.0012717199788182532,-0.06479043259110995,-0.006568950568890841
FlowerFocus_6_11s,FlowerFocus,484,92,True,39.751317299266645,0.9029262226303468,39.67532425504696,0.9017078981095679,39.74017674326195,0.903142668649419,0.06485248821498857,0.0014347705398510824,-0.07599304421968611,-0.011140556004697544
FlowerFocus_6_11s,FlowerFocus,494,97,True,39.71951611249711,0.9033713311325435,39.65179758197459,0.9021737563142855,39.71768213417483,0.9035994124496713,0.06588455220023803,0.001425656135385811,-0.06771853052251942,-0.0018339783222813821
FlowerFocus_6_11s,FlowerFocus,504,102,True,39.699518989946306,0.9033057138029862,39.62759024322656,0.9020729795695873,39.69536001589594,0.9035619744119543,0.06776977266938644,0.0014889948423669752,-0.07192874671974891,-0.004158974050362474
FlowerFocus_6_11s,FlowerFocus,516,108,True,39.659354476763,0.9040419894210802,39.5976553639612,0.9029220337976874,39.66481112677148,0.9043815932853414,0.06715576281028035,0.001459559487653972,-0.061699112801797185,0.005456650008483166
FlowerFocus_6_11s,FlowerFocus,526,113,True,39.493793899246164,0.9037843958148428,39.48934197197297,0.902908032648982,39.557752059091236,0.9043883162283558,0.06841008711826646,0.0014802835793737978,-0.004451927273194656,0.0639581598450718
FlowerFocus_6_11s,FlowerFocus,538,119,True,39.21965671538521,0.9026145061288421,39.30406274025613,0.9019354580235666,39.369439934595924,0.9033603588921163,0.06537719433979561,0.0014249008685497389,0.08440602487091553,0.14978321921071114
FlowerFocus_6_11s,FlowerFocus,548,124,True,39.05903019030582,0.9016369230535014,39.16908647221847,0.9009777601478797,39.233887860209,0.9024169299692316,0.06480138799053492,0.0014391698213519488,0.11005628191264805,0.17485766990318297
FlowerKids_0_5s,FlowerKids,0,0,True,36.54767765570172,0.9300246499551456,37.93487848335091,0.9348148567719649,38.01506028865741,0.9362864243161093,0.08018180530650199,0.0014715675441444587,1.3872008276491883,1.4673826329556903
FlowerKids_0_5s,FlowerKids,10,5,True,37.05130212003248,0.934787116485345,38.49199735199775,0.9391483096742507,38.58786083775811,0.9407034491535073,0.0958634857603542,0.001555139479256673,1.4406952319652717,1.536558717725626
FlowerKids_0_5s,FlowerKids,22,11,True,36.45990102979615,0.9301876786495565,37.8168963131833,0.9348194348290484,37.896689949495986,0.9363342704993085,0.07979363631268654,0.0015148356702601173,1.3569952833871497,1.4367889196998362
FlowerKids_0_5s,FlowerKids,32,16,True,36.46406987914592,0.932438816852263,37.829299874028905,0.936918870149639,37.910681262418606,0.9385310724207286,0.08138138838970121,0.0016122022710896022,1.3652299948829878,1.446611383272689
FlowerKids_0_5s,FlowerKids,44,22,True,36.66552926530953,0.9333599384571125,38.05707181990796,0.9378807695190488,38.14056868381508,0.9394535749203711,0.08349686390712208,0.0015728054013223192,1.3915425545984306,1.4750394185055526
FlowerKids_0_5s,FlowerKids,54,27,True,38.44102831579663,0.9413286899305596,39.74502878886911,0.9443112159597894,39.853789478138694,0.9458416167593299,0.10876068926958737,0.0015304007995404767,1.3040004730724775,1.4127611623420648
FlowerKids_0_5s,FlowerKids,64,32,True,38.61565321226764,0.9386136664531725,39.70354529452433,0.9408990428515485,39.803883131539884,0.9422696230034295,0.10033783701555166,0.0013705801518810734,1.087892082256694,1.1882299192722456
FlowerKids_0_5s,FlowerKids,76,38,True,36.06257826325813,0.9235312396663508,37.38729030353695,0.9286414277704024,37.45545367931426,0.929959463330387,0.06816337577730991,0.001318035559984665,1.3247120402788184,1.3928754160561283
FlowerKids_0_5s,FlowerKids,86,43,True,37.107474002760206,0.9297601963869706,38.47380336566757,0.9342111836094388,38.55764385364988,0.9355123965540383,0.08384048798230737,0.0013012129445995058,1.366329362907365,1.4501698508896723
FlowerKids_0_5s,FlowerKids,98,49,True,35.57569999761241,0.9178749031569569,36.95774136208579,0.9239146584820627,37.018479399561,0.9251152489588771,0.060738037475211115,0.0012005904768144227,1.3820413644733804,1.4427794019485916
FlowerKids_0_5s,FlowerKids,108,54,True,35.7301914208011,0.9196049347340673,37.13968075188087,0.9255695456042664,37.20423578743454,0.9267661281956843,0.06455503555367414,0.0011965825914178607,1.4094893310797687,1.4740443666334428
FlowerKids_0_5s,FlowerKids,118,59,True,36.3002426865983,0.9250092412711817,37.738398010767355,0.9305074078407688,37.81165194201735,0.9317700846010925,0.0732539312499938,0.0012626767603236555,1.4381553241690526,1.5114092554190464
FlowerKids_0_5s,FlowerKids,130,65,True,35.900827887287384,0.9226156546709363,37.288449925521185,0.9281241078857685,37.35659248937068,0.9294238535813981,0.06814256384949857,0.0012997456956296283,1.3876220382338005,1.455764602083299
FlowerKids_0_5s,FlowerKids,140,70,True,36.086785325942635,0.924115312157819,37.52310669570248,0.9294557584344691,37.596514245918236,0.9307695629313223,0.07340755021575518,0.0013138044968531437,1.4363213697598454,1.5097289199756005
FlowerKids_0_5s,FlowerKids,150,75,True,36.09311157554653,0.9240271827625245,37.50957965906093,0.9293957740528428,37.5818650394322,0.9306967745469726,0.07228538037126953,0.0013010004941298448,1.4164680835144026,1.488753463885672
FlowerKids_0_5s,FlowerKids,162,81,True,35.58676832014103,0.9190795326898477,36.93163234789313,0.9250667045521043,36.9946559640982,0.9263214880198258,0.06302361620507213,0.0012547834677215652,1.3448640277520951,1.4078876439571673
FlowerKids_0_5s,FlowerKids,172,86,True,35.78151064915031,0.9193139024755468,37.106589231399276,0.924973422678128,37.16799909532215,0.9261655433891394,0.06140986392287573,0.0011921207110113796,1.3250785822489632,1.386488446171839
FlowerKids_0_5s,FlowerKids,184,92,True,35.88837775188822,0.9198174620785088,37.19193346425844,0.9252776521418226,37.25250741045287,0.9264569339595085,0.060573946194431016,0.0011792818176858955,1.303555712370219,1.36412965856465
FlowerKids_0_5s,FlowerKids,194,97,True,36.36476852532339,0.9233049907509799,37.6659017140176,0.9283517547895073,37.734721252197794,0.9295615261768466,0.06881953818019326,0.0012097713873393534,1.3011331886942088,1.369952726874402
FlowerKids_0_5s,FlowerKids,204,102,True,36.40678943245031,0.9232964029589038,37.66915973998714,0.9280571692358204,37.736895990896045,0.9292860892955159,0.06773625090890789,0.0012289200596955485,1.2623703075368269,1.3301065584457348
FlowerKids_0_5s,FlowerKids,216,108,True,35.97470928588028,0.920303600529601,37.26411196955944,0.9255605407789643,37.32692505540967,0.9267640453359283,0.06281308585023027,0.0012035045569639413,1.2894026836791568,1.352215769529387
FlowerKids_0_5s,FlowerKids,226,113,True,35.70889651876924,0.9179933676243678,36.982529805308836,0.9236381428553587,37.04237614927644,0.9248452802789126,0.059846343967606686,0.001207137423553828,1.2736332865395994,1.333479630507206
FlowerKids_0_5s,FlowerKids,238,119,True,36.263452470053814,0.923514383970397,37.51494720082675,0.9283851933310541,37.57858361376958,0.9296029871042086,0.0636364129428344,0.001217793773154563,1.251494730772933,1.3151311437157673
FlowerKids_0_5s,FlowerKids,248,124,True,35.82433281215791,0.920340453701286,37.09762606271719,0.9258302989131024,37.15886302051234,0.927085827430798,0.06123695779515259,0.0012555285176956144,1.2732932505592771,1.3345302083544297
FlowerKids_6_11s,FlowerKids,300,0,True,36.27745094285249,0.9237743820596624,37.62550366656828,0.9288322373374439,37.696622665374974,0.93013927050966,0.07111899880669625,0.0013070331722161432,1.3480527237157887,1.419171722522485
FlowerKids_6_11s,FlowerKids,310,5,True,36.67187294304326,0.9257729705497356,37.99811750634551,0.9304021505384347,38.072864869449,0.9317284268204344,0.07474736310349073,0.001326276281999772,1.3262445633022466,1.4009919264057373
FlowerKids_6_11s,FlowerKids,322,11,True,37.546522696042196,0.9295240640975295,38.816927434121276,0.9328381648557029,38.902728885779126,0.934178363042789,0.08580145165785069,0.0013401981870860835,1.2704047380790797,1.3562061897369304
FlowerKids_6_11s,FlowerKids,332,16,True,37.10457873431926,0.9265536295927514,38.302765432372425,0.9302845593669243,38.38100951980529,0.9316233083135584,0.07824408743286426,0.0013387489466341052,1.1981866980531635,1.2764307854860277
FlowerKids_6_11s,FlowerKids,344,22,True,36.846046278524675,0.9268061108423409,38.07642163993729,0.9307104018886846,38.15267715884251,0.9320900046071584,0.07625551890522075,0.0013796027184738158,1.2303753614126123,1.306630880317833
FlowerKids_6_11s,FlowerKids,354,27,True,36.768613947716524,0.927969748059504,37.998266555054144,0.9320556376828529,38.07038816157262,0.9333890438066338,0.0721216065184791,0.0013334061237808559,1.22965260733762,1.301774213856099
FlowerKids_6_11s,FlowerKids,364,32,True,35.4478806728173,0.9188932979402882,36.80255590112458,0.9249312679111439,36.85820381587106,0.9259551997624781,0.0556479147464799,0.0010239318513342033,1.3546752283072792,1.410323143053759
FlowerKids_6_11s,FlowerKids,376,38,True,35.7196067279826,0.9234006126836249,37.05516478604817,0.928751261756144,37.11405612515273,0.9298378428858066,0.058891339104562235,0.0010865811296626449,1.3355580580655655,1.3944493971701277
FlowerKids_6_11s,FlowerKids,386,43,True,37.31212011681288,0.9314587684147172,38.518804043952,0.9347077916761484,38.60257395781669,0.9361649081606737,0.08376991386468546,0.0014571164845252893,1.2066839271391245,1.29045384100381
FlowerKids_6_11s,FlowerKids,398,49,True,37.31656981868899,0.9312728540083595,38.564538358945796,0.9352745889904602,38.650350654630266,0.93670366538836,0.08581229568446958,0.0014290763978997978,1.2479685402568066,1.3337808359412762
FlowerKids_6_11s,FlowerKids,408,54,True,35.84861412450354,0.9234866707672797,36.9786118511955,0.9288101526412468,37.03992060675692,0.9302328122839887,0.061308755561420014,0.001422659642741908,1.1299977266919612,1.1913064822533812
FlowerKids_6_11s,FlowerKids,418,59,True,35.87459239257211,0.9232259783909937,37.018146677870654,0.9286552214947618,37.08110833480162,0.9300193093689963,0.06296165693096611,0.0013640878742345874,1.143554285298542,1.2065159422295082
FlowerKids_6_11s,FlowerKids,430,65,True,37.038697846059954,0.9260759549789296,38.25285769938286,0.9311081548727935,38.32627823171383,0.9323025394243012,0.0734205323309709,0.0011943845515076656,1.2141598533229043,1.2875803856538752
FlowerKids_6_11s,FlowerKids,440,70,True,37.339013087256305,0.9242487278307868,38.526260742949574,0.929131926874918,38.598601485140165,0.930210135005936,0.07234074219059039,0.0010782081310179992,1.1872476556932696,1.25958839788386
FlowerKids_6_11s,FlowerKids,450,75,True,37.45789511355719,0.9240290820881254,38.65843133032684,0.9288976381418174,38.7285583517468,0.9299237889387848,0.07012702141995675,0.00102615079696744,1.200536216769649,1.2706632381896057
FlowerKids_6_11s,FlowerKids,462,81,True,37.101126708059404,0.9186623143846364,38.368209535366844,0.9235503037352158,38.43269694863705,0.9244722616513855,0.06448741327020713,0.0009219579161696689,1.2670828273074406,1.3315702405776477
FlowerKids_6_11s,FlowerKids,472,86,True,36.213415936723386,0.9115876497530072,37.45348847590045,0.9170322631083523,37.5076413049142,0.9178859422125464,0.05415282901375207,0.0008536791041940939,1.2400725391770635,1.2942253681908156
FlowerKids_6_11s,FlowerKids,484,92,True,36.22966098172958,0.9113753705274783,37.476620102180725,0.9168712883678722,37.53146801027225,0.9177295270578255,0.05484790809152429,0.0008582386899532723,1.2469591204511445,1.3018070285426688
FlowerKids_6_11s,FlowerKids,494,97,True,37.35242059103071,0.9212669767268717,38.598232186845244,0.9256163929171681,38.663533667816154,0.9265156916793885,0.06530148097090915,0.0008992987622203907,1.245811595814537,1.3111130767854462
FlowerKids_6_11s,FlowerKids,504,102,True,38.44916102775298,0.9283983513265113,39.55800060611341,0.9315031846713148,39.63440208393328,0.9325111730014582,0.07640147781987139,0.0010079883301434833,1.1088395783604312,1.1852410561803026
FlowerKids_6_11s,FlowerKids,516,108,True,38.02798698584323,0.931277508411966,39.34728284773787,0.9351842047491628,39.43105532694524,0.9363182186735544,0.08377247920736863,0.001134013924391608,1.3192958618946449,1.4030683411020135
FlowerKids_6_11s,FlowerKids,526,113,True,37.520713166800974,0.9301642658225767,38.90229167550292,0.9346641487422779,38.98520712084786,0.9358553580908815,0.08291544534493767,0.0011912093486036168,1.3815785087019492,1.4644939540468869
FlowerKids_6_11s,FlowerKids,538,119,True,36.76167481204579,0.9288957122627155,38.187199086061376,0.9338044363584816,38.269266703680735,0.935153839572845,0.08206761761935866,0.0013494032143633872,1.4255242740155865,1.5075918916349451
FlowerKids_6_11s,FlowerKids,548,124,True,36.70025084710433,0.9299355196597778,38.12194940897867,0.934780070710214,38.203157764270465,0.93621325198135,0.0812083552917926,0.0014331812711360081,1.4216985618743436,1.5029069171661362
FlowerPan_0_5s,FlowerPan,0,0,True,34.76265568776066,0.872636152034179,35.825816834771715,0.883814622086781,35.8660597237379,0.8844236777360879,0.04024288896618344,0.000609055649306911,1.0631611470110514,1.1034040359772348
FlowerPan_0_5s,FlowerPan,10,5,True,34.74127715717876,0.8726227365014407,35.80263791319814,0.8837441680445046,35.844144358188814,0.884355296027078,0.041506444990673685,0.0006111279825733451,1.0613607560193827,1.1028672010100564
FlowerPan_0_5s,FlowerPan,22,11,True,34.726742889163994,0.8722337906221174,35.79185696773722,0.8834707723846289,35.83144259363735,0.8840615394632321,0.039585625900130594,0.0005907670786031716,1.0651140785732238,1.1046997044733544
FlowerPan_0_5s,FlowerPan,32,16,True,34.70844817835613,0.8721073369498918,35.768158447790704,0.883300702219733,35.80883076946159,0.8839047176582115,0.040672321670889744,0.0006040154384785446,1.059710269434575,1.1003825911054648
FlowerPan_0_5s,FlowerPan,44,22,True,34.72097274427537,0.8721880028188533,35.78602591513268,0.8834154252577424,35.82641385767349,0.8840122687562201,0.04038794254080358,0.0005968434984776616,1.0650531708573112,1.1054411133981148
FlowerPan_0_5s,FlowerPan,54,27,True,34.71385517422566,0.8722896964893867,35.77489166450605,0.8834456213393485,35.81647364663383,0.8840763941435626,0.04158198212778075,0.0006307728042141969,1.0610364902803937,1.1026184724081745
FlowerPan_0_5s,FlowerPan,64,32,True,34.71297750128365,0.8723429105020986,35.781088872912484,0.883575034927807,35.82268574839873,0.8841942724516073,0.04159687548624902,0.0006192375238003311,1.0681113716288309,1.1097082471150799
FlowerPan_0_5s,FlowerPan,76,38,True,34.711008748238235,0.8722569260324916,35.780685792162366,0.8834843731552812,35.822149691383906,0.8840997109075113,0.041463899221540146,0.0006153377522301051,1.0696770439241305,1.1111409431456707
FlowerPan_0_5s,FlowerPan,86,43,True,34.74257966551829,0.8727295925738164,35.80626203016304,0.8838735305398518,35.84749999336008,0.8844954346529856,0.04123796319704098,0.0006219041131337866,1.0636823646447482,1.1049203278417892
FlowerPan_0_5s,FlowerPan,98,49,True,34.772308620878825,0.8730747006175078,35.844736521120154,0.8842895205373649,35.885712485758894,0.8849151008102218,0.04097596463873998,0.0006255802728569737,1.0724279002413297,1.1134038648800697
FlowerPan_0_5s,FlowerPan,108,54,True,34.7829015229687,0.8735591607989629,35.8583585738456,0.8847481448912656,35.9006337993121,0.8853792585918396,0.04227522546649709,0.0006311137005740042,1.0754570508768992,1.1177322763433963
FlowerPan_0_5s,FlowerPan,118,59,True,34.787745934323134,0.873458802902214,35.86306507195562,0.8846555047317995,35.90375487127859,0.8852813867998828,0.04068979932297623,0.0006258820680832278,1.0753191376324835,1.1160089369554598
FlowerPan_0_5s,FlowerPan,130,65,True,34.78678781364924,0.8735528884277606,35.858626059861855,0.884608342793644,35.899776150333274,0.8852451064758846,0.04115009047141882,0.0006367636822406375,1.0718382462126144,1.1129883366840332
FlowerPan_0_5s,FlowerPan,140,70,True,34.77749890193505,0.8734971686445753,35.85200001587599,0.884656667512383,35.89306562018209,0.8852672128881856,0.041065604306105286,0.0006105453758025181,1.07450111394094,1.1155667182470452
FlowerPan_0_5s,FlowerPan,150,75,True,34.78465338245135,0.8738438134425631,35.86145068913145,0.8850460209352664,35.90307268545367,0.8856547015574705,0.04162199632222041,0.0006086806222040941,1.076797306680099,1.1184193030023195
FlowerPan_0_5s,FlowerPan,162,81,True,34.773405098404965,0.8740066136890172,35.853957638676334,0.8851738008637191,35.89670401322091,0.8858086802975744,0.04274637454457775,0.0006348794338553176,1.0805525402713698,1.1232989148159476
FlowerPan_0_5s,FlowerPan,172,86,True,34.784890838349526,0.8741672737126542,35.87032009094524,0.8853903520166109,35.91285393289879,0.8860338408291495,0.042533841953549256,0.0006434888125386173,1.0854292525957163,1.1279630945492656
FlowerPan_0_5s,FlowerPan,184,92,True,34.78416792042047,0.8741814840291015,35.86968203613179,0.8854221572277681,35.91103232793661,0.8860469115858608,0.041350291804818085,0.0006247543580927273,1.0855141157113195,1.1268644075161376
FlowerPan_0_5s,FlowerPan,194,97,True,34.736730750030446,0.8737190078329856,35.82533727553479,0.8851268031749329,35.86815535938002,0.8857786468938118,0.04281808384522634,0.0006518437188789417,1.0886065255043462,1.1314246093495726
FlowerPan_0_5s,FlowerPan,204,102,True,34.70689955288837,0.8732855534030393,35.79238413528166,0.8846851148019377,35.83425230828681,0.8853192093388106,0.04186817300514889,0.000634094536872909,1.0854845823932848,1.1273527553984337
FlowerPan_0_5s,FlowerPan,216,108,True,34.682869854041456,0.8728851442061346,35.76570250970894,0.8842726493653059,35.80783830734835,0.8849115774527739,0.042135797639410555,0.0006389280874680159,1.082832655667481,1.1249684533068915
FlowerPan_0_5s,FlowerPan,226,113,True,34.67838615930377,0.8730794557701937,35.762825158878286,0.8844889469395274,35.804409553224545,0.8851121219774591,0.041584394346259046,0.0006231750379317447,1.084438999574516,1.126023393920775
FlowerPan_0_5s,FlowerPan,238,119,True,34.67527294859761,0.8729608965318418,35.760961002447345,0.8844141211327757,35.80273962438905,0.8850253486627323,0.041778621941702454,0.0006112275299565706,1.0856880538497364,1.1274666757914389
FlowerPan_0_5s,FlowerPan,248,124,True,34.67865222941791,0.8730273369226033,35.7657544400097,0.8844801408140771,35.8073168304403,0.8851146940688589,0.04156239043059884,0.0006345532547817889,1.0871022105917945,1.1286646010223933
FlowerPan_6_11s,FlowerPan,300,0,True,34.63440194820854,0.8729452109566977,35.73095043973056,0.8845630357356371,35.77254298694776,0.8851879511142826,0.04159254721719918,0.0006249153786455075,1.0965484915220216,1.1381410387392208
FlowerPan_6_11s,FlowerPan,310,5,True,34.66332783558465,0.8733656815536348,35.75241115394904,0.8848570588545299,35.79301999337828,0.8854722705373589,0.04060883942923965,0.0006152116828289644,1.0890833183643878,1.1296921577936274
FlowerPan_6_11s,FlowerPan,322,11,True,34.66549117379773,0.8733162992723467,35.755762540249464,0.8848422349510213,35.797913169496944,0.885496569111164,0.042150629247480254,0.0006543341601427111,1.0902713664517307,1.132421995699211
FlowerPan_6_11s,FlowerPan,332,16,True,34.647256643082606,0.8731029382214052,35.73979490911431,0.8847403294484535,35.78252851453002,0.8853954501042687,0.04273360541571236,0.000655120655815189,1.0925382660317027,1.135271871447415
FlowerPan_6_11s,FlowerPan,344,22,True,34.61819958752028,0.8726928631995626,35.71040286297928,0.8843608168850661,35.75164356669,0.8849845507257724,0.041240703710720084,0.0006237338407063531,1.0922032754589992,1.1334439791697193
FlowerPan_6_11s,FlowerPan,354,27,True,34.60716927705754,0.8725762780655363,35.699084452713386,0.8842956187779677,35.74129092708623,0.8849432431253601,0.04220647437284697,0.0006476243473924059,1.0919151756558492,1.1341216500286961
FlowerPan_6_11s,FlowerPan,364,32,True,34.602895895729006,0.8726109101032307,35.69287106317843,0.8843319727070439,35.733019898814135,0.8849345081272572,0.04014883563570493,0.0006025354202132682,1.089975167449424,1.130124003085129
FlowerPan_6_11s,FlowerPan,376,38,True,34.60985664130416,0.8727202719891765,35.70396375199995,0.8844811459599492,35.74589142605604,0.8851284929669904,0.041927674056090325,0.0006473470070411658,1.0941071106957878,1.1360347847518781
FlowerPan_6_11s,FlowerPan,386,43,True,34.59838116758616,0.8726494238099529,35.68971751461346,0.8843766806289426,35.73125235289978,0.8850140722844835,0.04153483828631721,0.0006373916555408865,1.0913363470273012,1.1328711853136184
FlowerPan_6_11s,FlowerPan,398,49,True,34.593775736085036,0.872487300575664,35.69040244846296,0.8843414366559699,35.731562091774265,0.8849732655188937,0.041159643311303284,0.0006318288629237889,1.096626712377926,1.1377863556892294
FlowerPan_6_11s,FlowerPan,408,54,True,34.58990285379421,0.8725692850539459,35.681447532800455,0.8843794848145988,35.72301853724987,0.885016536102003,0.04157100444941619,0.0006370512874042111,1.0915446790062475,1.1331156834556637
FlowerPan_6_11s,FlowerPan,418,59,True,34.5733970070149,0.8722393501187234,35.669530805675,0.884167315622968,35.71148907510159,0.8848054146217398,0.04195826942658698,0.0006380989987717633,1.0961337986601052,1.1380920680866922
FlowerPan_6_11s,FlowerPan,430,65,True,34.561372220629224,0.8721924621115901,35.65793104810345,0.8841789349381887,35.69989589140193,0.8848093107965456,0.04196484329848005,0.0006303758583569019,1.096558827474226,1.138523670772706
FlowerPan_6_11s,FlowerPan,440,70,True,34.55096659305505,0.872140530197223,35.64833995086876,0.8841638848920752,35.68851444624079,0.8847808554952727,0.04017449537202822,0.0006169706031975419,1.0973733578137086,1.1375478531857368
FlowerPan_6_11s,FlowerPan,450,75,True,34.53467069287191,0.8717887638853505,35.62759407965103,0.8838504584383404,35.668125819093476,0.8844696759681989,0.04053173944244293,0.0006192175298584957,1.0929233867791197,1.1334551262215626
FlowerPan_6_11s,FlowerPan,462,81,True,34.54924681043443,0.8720511886984688,35.6409268387279,0.8840380442744433,35.68258371137265,0.8846760007054314,0.04165687264475082,0.0006379564309880736,1.0916800282934673,1.1333369009382182
FlowerPan_6_11s,FlowerPan,472,86,True,34.555601499358055,0.8721690133020971,35.642483859891776,0.8841155431043688,35.682737213969524,0.8847378664620204,0.04025335407774833,0.0006223233576515552,1.0868823605337212,1.1271357146114696
FlowerPan_6_11s,FlowerPan,484,92,True,34.54241106749759,0.8718918949826244,35.63121075696356,0.883902065877967,35.67165193271533,0.8845217104767157,0.04044117575176642,0.0006196445987486365,1.0887996894659722,1.1292408652177386
FlowerPan_6_11s,FlowerPan,494,97,True,34.53861610751996,0.8719256732907189,35.63003614488692,0.8839877111921034,35.670909339229546,0.884612106987675,0.040873194342623265,0.0006243957955716084,1.0914200373669658,1.132293231709589
FlowerPan_6_11s,FlowerPan,504,102,True,34.545451188169324,0.8720725522287924,35.64235635423539,0.8842039578888854,35.68426258661183,0.8848406517505747,0.041906232376440755,0.000636693861689297,1.0969051660660654,1.1388113984425061
FlowerPan_6_11s,FlowerPan,516,108,True,34.528414408404345,0.8716970298986341,35.62641952272062,0.8839087955191869,35.667617125002856,0.8845292179512438,0.04119760228223868,0.0006204224320569551,1.0980051143162726,1.1392027165985112
FlowerPan_6_11s,FlowerPan,526,113,True,34.5308589250687,0.8717172972345406,35.62891851204886,0.8839556499984197,35.6706501319,0.8845905259871458,0.04173161985113438,0.0006348759887261357,1.0980595869801633,1.1397912068312976
FlowerPan_6_11s,FlowerPan,538,119,True,34.527510664554974,0.8717457156399739,35.61635075221883,0.8838712406944398,35.656937171849336,0.8844830469479003,0.040586419630507464,0.0006118062534604674,1.0888400876638542,1.1294265072943617
FlowerPan_6_11s,FlowerPan,548,124,True,34.52646548167354,0.8717514562123945,35.6200057951461,0.8839505295941806,35.66053338906302,0.8845733778903766,0.04052759391692007,0.0006228482961959658,1.093540313472559,1.134067907389479
ReadySetGo_5s,ReadySetGo,0,0,True,33.126706850092475,0.9200417138885496,34.748292768089094,0.9297910689088401,34.803721064537484,0.9305306748922249,0.05542829644839031,0.000739605983384739,1.6215859179966188,1.677014214445009
ReadySetGo_5s,ReadySetGo,25,5,True,36.05295618372725,0.9571061996597694,38.47748832572944,0.9647875664080282,38.602501268079266,0.9657900113213072,0.12501294234982652,0.0010024449132789437,2.4245321420021924,2.549545084352019
ReadySetGo_5s,ReadySetGo,50,10,True,38.11734912374027,0.9708794557311764,40.85754068645207,0.9768825788911498,41.048559883324884,0.9779957894001553,0.19101919687281566,0.00111321050900548,2.7401915627118,2.9312107595846157
ReadySetGo_5s,ReadySetGo,80,16,True,38.30462753422601,0.9695441874322425,40.746833754072455,0.9752180860213376,40.91469546345007,0.9763602323886086,0.16786170937761824,0.0011421463672709464,2.4422062198464474,2.6100679292240656
ReadySetGo_5s,ReadySetGo,105,21,True,39.62488759469511,0.9778913592701903,41.69398142824393,0.9802000752171217,41.88316929270314,0.9815515860327989,0.18918786445920688,0.0013515108156771927,2.06909383354882,2.2582816980080267
ReadySetGo_5s,ReadySetGo,130,26,True,39.89560336578043,0.9787077816027543,41.827601430732344,0.9803956086047187,42.02067230624322,0.9819702387335018,0.19307087551087676,0.0015746301287830056,1.9319980649519124,2.125068940462789
ReadySetGo_5s,ReadySetGo,155,31,True,40.3730061527019,0.9813586725103037,42.402181695535795,0.9827137579106561,42.62626897324889,0.9845698617965531,0.224087277713096,0.0018561038858970758,2.0291755428338973,2.2532628205469933
ReadySetGo_5s,ReadySetGo,180,36,True,40.84409861878245,0.9818226225582218,42.8467379091184,0.9831671481317766,43.11327969038662,0.9852950750479327,0.2665417812682165,0.002127926916156042,2.0026392903359493,2.269181071604166
ReadySetGo_5s,ReadySetGo,205,41,True,41.18859532108554,0.9833664053994693,43.22804940691378,0.9841799502597177,43.52681429534392,0.9866207452606669,0.29876488843013504,0.0024407950009491808,2.0394540858282397,2.3382189742583748
ReadySetGo_5s,ReadySetGo,235,47,True,41.390539339913126,0.9845294533934893,43.39126240101315,0.984752665538558,43.70205457921724,0.9873479210666544,0.310792178204089,0.002595255528096363,2.0007230611000253,2.3115152393041143
ReadySetGo_5s,ReadySetGo,260,52,True,41.00449640671742,0.9834233988916274,43.039860396696945,0.9842845096724224,43.38376178512515,0.9868642145569255,0.3439013884282076,0.002579704884503098,2.0353639899795226,2.3792653784077302
ReadySetGo_5s,ReadySetGo,285,57,True,40.52471612114452,0.9825831295330668,42.58840108730062,0.9834659082055527,42.93128827778507,0.9858748730661556,0.34288719048445415,0.0024089648606029357,2.063684966156096,2.40657215664055
ReadySetGo_5s,ReadySetGo,310,62,True,39.86642201327323,0.9795368664555651,42.04397246633492,0.9818471622308683,42.33283811537143,0.9840582778218991,0.28886564903650935,0.002211115591030821,2.1775504530616914,2.4664161020982007
ReadySetGo_5s,ReadySetGo,335,67,True,39.40480543567475,0.9764080258159621,41.71080147849213,0.9798288307706775,41.97480244707792,0.9818090501329368,0.2640009685857905,0.001980219362259339,2.3059960428173767,2.569997011403167
ReadySetGo_5s,ReadySetGo,360,72,True,38.69159933642131,0.9726600436539145,40.93511267388049,0.9771903824359306,41.11212255618405,0.9788674807748063,0.17700988230355819,0.0016770983388757488,2.243513337459177,2.4205232197627353
ReadySetGo_5s,ReadySetGo,390,78,True,38.66726445921764,0.9739543874723449,40.91676450194871,0.9778057351979325,41.08095407831818,0.9796476456428281,0.1641895763694663,0.001841910444895678,2.2495000427310714,2.4136896191005377
ReadySetGo_5s,ReadySetGo,415,83,True,38.55171632162863,0.9740052893305364,40.94154185229863,0.977717857218036,41.12539874075074,0.979713014369705,0.18385688845211234,0.0019951571516690914,2.389825530669995,2.5736824191221075
ReadySetGo_5s,ReadySetGo,440,88,True,37.67367108466591,0.9709642168163094,39.949193941416596,0.9754348551647735,40.13899501686176,0.9774784142887776,0.18980107544516756,0.002043559124004113,2.2755228567506833,2.465323932195851
ReadySetGo_5s,ReadySetGo,465,93,True,37.97053009899476,0.9728012664367478,40.51739918763019,0.9771821458484157,40.76606004380612,0.9792187044209556,0.24866085617593114,0.002036558572539926,2.5468690886354324,2.7955299448113635
ReadySetGo_5s,ReadySetGo,490,98,True,37.748668544417946,0.9710998720307911,40.42216690282095,0.9761426053591399,40.66857278765022,0.97803496066316,0.24640588482927228,0.001892355304020099,2.673498358403002,2.919904243232274
ReadySetGo_5s,ReadySetGo,515,103,True,37.97766145681828,0.9711824578706013,40.76663586074364,0.9765895461539268,41.02422551545709,0.9782628426056772,0.2575896547134491,0.0016732964517504056,2.7889744039253586,3.0465640586388076
ReadySetGo_5s,ReadySetGo,545,109,True,35.44568335308831,0.9487486443362669,38.265347325367465,0.9617314126049133,38.42586012280681,0.9631407561157318,0.16051279743934543,0.0014093435108184504,2.8196639722791517,2.980176769718497
ReadySetGo_5s,ReadySetGo,570,114,True,34.1134525619249,0.9324992327995014,36.49069114968158,0.9472964025141298,36.60103181753358,0.948593237237974,0.11034066785200025,0.0012968347238441202,2.377238587756679,2.4875792556086793
ReadySetGo_5s,ReadySetGo,595,119,True,33.94618646716261,0.9304001844122914,36.26225696559862,0.9451232241826455,36.37005699842204,0.946391246680279,0.10780003282341966,0.0012680224976334697,2.316070498436005,2.423870531259425
