clip,frames,mean_changed_pixel_fraction,mean_absolute_difference,mean_p95_absolute_difference,mean_p99_absolute_difference,max_absolute_difference
Bosphorus_5s,120,0.4791853037390689,0.49117092958301184,1.0,2.0,4
CityAlley_0_5s,125,0.27931464699074077,0.28273946180555554,1.0,1.0,9
CityAlley_6_11s,125,0.27309105420524693,0.27670560860339505,1.0,1.0,8
FlowerFocus_0_5s,125,0.29708163483796296,0.2981465740740741,1.0,1.0,4
FlowerFocus_6_11s,125,0.35924079861111113,0.36069832658179013,1.0,1.0,4
FlowerKids_0_5s,125,0.3076425954861111,0.31595455246913584,1.0,1.0,5
FlowerKids_6_11s,125,0.3015232388117284,0.3091990152391975,1.0,1.0,5
FlowerPan_0_5s,125,0.31940860050154324,0.3233527874228395,1.0,1.0,4
FlowerPan_6_11s,125,0.3233547791280864,0.3274853751929012,1.0,1.0,3
ReadySetGo_5s,120,0.4025392242557227,0.4227082318592464,1.0,1.9916666666666667,9
