slack_ns	startpoint	endpoint
-0.158	u_top/u_core/u_b/u_b_core/core/core/l5/mac/g_l5_partial_buffer.partial_fifo/count_reg[1]/C	u_top/u_core/u_b/u_b_core/core/core/l5/gk.frontend/fifo/g_wide_read.g_read_slice[21].rd_ptr_local_reg[0]/R
-0.158	u_top/u_core/u_b/u_b_core/core/core/l5/mac/g_l5_partial_buffer.partial_fifo/count_reg[1]/C	u_top/u_core/u_b/u_b_core/core/core/l5/gk.frontend/fifo/g_wide_read.g_read_slice[21].rd_ptr_local_reg[1]/R
-0.136	u_top/u_core/u_b/u_b_core/core/core/l5/mac/mac/out_lane[3].mult_lane[1].operand_pipe.weight_q_reg[0]/C	u_top/u_core/u_b/u_b_core/core/core/l5/mac/mac/out_lane[3].mult_lane[1].operand_pipe.sums_q_reg[0][3][1]/B[0]
-0.119	u_top/u_core/u_b/u_b_core/core/core/l5/mac/g_l5_partial_buffer.partial_fifo/count_reg[1]/C	u_top/u_core/u_b/u_b_core/core/core/l5/mac/mac/out_lane[0].mult_lane[0].operand_pipe.weight_q_reg[2]/S
-0.088	u_top/u_core/u_b/u_b_core/core/core/l5/mac/g_l5_partial_buffer.partial_fifo/count_reg[1]/C	u_top/u_core/u_b/u_b_core/core/core/l5/gk.frontend/fifo/g_wide_read.g_read_slice[23].rd_ptr_local_reg[0]/R
-0.088	u_top/u_core/u_b/u_b_core/core/core/l5/mac/g_l5_partial_buffer.partial_fifo/count_reg[1]/C	u_top/u_core/u_b/u_b_core/core/core/l5/gk.frontend/fifo/g_wide_read.g_read_slice[23].rd_ptr_local_reg[1]/R
-0.077	u_top/u_core/u_b/u_b_core/core/core/l5/mac/g_l5_partial_buffer.partial_fifo/count_reg[1]/C	u_top/u_core/u_b/u_b_core/core/core/l5/gk.frontend/fifo/g_wide_read.g_read_slice[94].rd_ptr_local_reg[0]/R
-0.077	u_top/u_core/u_b/u_b_core/core/core/l5/mac/g_l5_partial_buffer.partial_fifo/count_reg[1]/C	u_top/u_core/u_b/u_b_core/core/core/l5/gk.frontend/fifo/g_wide_read.g_read_slice[94].rd_ptr_local_reg[1]/R
-0.076	u_top/u_core/u_b/u_b_core/core/core/l5/mac/g_l5_partial_buffer.partial_fifo/count_reg[1]/C	u_top/u_core/u_b/u_b_core/core/core/l5/gk.frontend/fifo/g_wide_read.g_read_slice[95].rd_ptr_local_reg[0]/R
-0.076	u_top/u_core/u_b/u_b_core/core/core/l5/mac/g_l5_partial_buffer.partial_fifo/count_reg[1]/C	u_top/u_core/u_b/u_b_core/core/core/l5/gk.frontend/fifo/g_wide_read.g_read_slice[95].rd_ptr_local_reg[1]/R
-0.074	u_top/u_core/u_b/u_b_core/core/core/l5/mac/g_l5_partial_buffer.partial_fifo/count_reg[1]/C	u_top/u_core/u_b/u_b_core/core/core/l5/mac/mac/out_lane[0].mult_lane[2].operand_pipe.weight_q_reg[3]/R
-0.074	u_top/u_core/u_b/u_b_core/core/core/l5/mac/g_l5_partial_buffer.partial_fifo/count_reg[1]/C	u_top/u_core/u_b/u_b_core/core/core/l5/mac/mac/out_lane[3].mult_lane[6].operand_pipe.weight_q_reg[2]/R
-0.072	u_top/u_core/u_b/u_b_core/core/core/l5/mac/g_l5_partial_buffer.partial_fifo/count_reg[1]/C	u_top/u_core/u_b/u_b_core/core/core/l5/gk.frontend/fifo/g_wide_read.g_read_slice[66].rd_ptr_local_reg[0]/R
-0.072	u_top/u_core/u_b/u_b_core/core/core/l5/mac/g_l5_partial_buffer.partial_fifo/count_reg[1]/C	u_top/u_core/u_b/u_b_core/core/core/l5/gk.frontend/fifo/g_wide_read.g_read_slice[66].rd_ptr_local_reg[1]/R
-0.067	u_top/u_core/u_b/u_b_core/core/core/l5/mac/g_l5_partial_buffer.partial_fifo/count_reg[1]/C	u_top/u_core/u_b/u_b_core/core/core/l5/mac/issue/out_window_reg[4068]/CE
-0.067	u_top/u_core/u_b/u_b_core/core/core/l5/mac/g_l5_partial_buffer.partial_fifo/count_reg[1]/C	u_top/u_core/u_b/u_b_core/core/core/l5/mac/issue/out_window_reg[4069]/CE
-0.067	u_top/u_core/u_b/u_b_core/core/core/l5/mac/g_l5_partial_buffer.partial_fifo/count_reg[1]/C	u_top/u_core/u_b/u_b_core/core/core/l5/mac/issue/out_window_reg[4070]/CE
-0.067	u_top/u_core/u_b/u_b_core/core/core/l5/mac/g_l5_partial_buffer.partial_fifo/count_reg[1]/C	u_top/u_core/u_b/u_b_core/core/core/l5/mac/issue/out_window_reg[4071]/CE
-0.067	u_top/u_core/u_b/u_b_core/core/core/l5/mac/g_l5_partial_buffer.partial_fifo/count_reg[1]/C	u_top/u_core/u_b/u_b_core/core/core/l5/mac/issue/out_window_reg[4072]/CE
-0.067	u_top/u_core/u_b/u_b_core/core/core/l5/mac/g_l5_partial_buffer.partial_fifo/count_reg[1]/C	u_top/u_core/u_b/u_b_core/core/core/l5/mac/issue/out_window_reg[4073]/CE
-0.062	u_top/u_core/u_b/u_b_core/core/core/l5/mac/g_l5_partial_buffer.partial_fifo/count_reg[1]/C	u_top/u_core/u_b/u_b_core/core/core/l5/mac/mac/out_lane[0].mult_lane[35].operand_pipe.act_q_reg[10]/CE
-0.062	u_top/u_core/u_b/u_b_core/core/core/l5/mac/g_l5_partial_buffer.partial_fifo/count_reg[1]/C	u_top/u_core/u_b/u_b_core/core/core/l5/mac/mac/out_lane[0].mult_lane[35].operand_pipe.act_q_reg[13]/CE
-0.060	u_top/u_core/u_b/u_b_core/core/core/l5/mac/g_l5_partial_buffer.partial_fifo/count_reg[1]/C	u_top/u_core/u_b/u_b_core/core/core/l5/mac/issue/out_window_reg[3840]/CE
-0.060	u_top/u_core/u_b/u_b_core/core/core/l5/mac/g_l5_partial_buffer.partial_fifo/count_reg[1]/C	u_top/u_core/u_b/u_b_core/core/core/l5/mac/issue/out_window_reg[3841]/CE
-0.060	u_top/u_core/u_b/u_b_core/core/core/l5/mac/g_l5_partial_buffer.partial_fifo/count_reg[1]/C	u_top/u_core/u_b/u_b_core/core/core/l5/mac/issue/out_window_reg[3842]/CE
-0.060	u_top/u_core/u_b/u_b_core/core/core/l5/mac/g_l5_partial_buffer.partial_fifo/count_reg[1]/C	u_top/u_core/u_b/u_b_core/core/core/l5/mac/issue/out_window_reg[3843]/CE
-0.060	u_top/u_core/u_b/u_b_core/core/core/l5/mac/g_l5_partial_buffer.partial_fifo/count_reg[1]/C	u_top/u_core/u_b/u_b_core/core/core/l5/mac/issue/out_window_reg[3844]/CE
-0.060	u_top/u_core/u_b/u_b_core/core/core/l5/mac/g_l5_partial_buffer.partial_fifo/count_reg[1]/C	u_top/u_core/u_b/u_b_core/core/core/l5/mac/issue/out_window_reg[3845]/CE
-0.056	u_top/u_core/u_b/u_b_core/core/core/l5/gk.frontend/fifo/count_reg[2]/C	u_top/u_core/u_b/u_b_core/core/core/l5/gk.frontend/fifo/g_wide_read.g_read_slice[39].mem_slice_reg_0_3_24_29/RAMA/WE
-0.056	u_top/u_core/u_b/u_b_core/core/core/l5/gk.frontend/fifo/count_reg[2]/C	u_top/u_core/u_b/u_b_core/core/core/l5/gk.frontend/fifo/g_wide_read.g_read_slice[39].mem_slice_reg_0_3_24_29/RAMA_D1/WE
-0.056	u_top/u_core/u_b/u_b_core/core/core/l5/gk.frontend/fifo/count_reg[2]/C	u_top/u_core/u_b/u_b_core/core/core/l5/gk.frontend/fifo/g_wide_read.g_read_slice[39].mem_slice_reg_0_3_24_29/RAMB/WE
-0.056	u_top/u_core/u_b/u_b_core/core/core/l5/gk.frontend/fifo/count_reg[2]/C	u_top/u_core/u_b/u_b_core/core/core/l5/gk.frontend/fifo/g_wide_read.g_read_slice[39].mem_slice_reg_0_3_24_29/RAMB_D1/WE
-0.056	u_top/u_core/u_b/u_b_core/core/core/l5/gk.frontend/fifo/count_reg[2]/C	u_top/u_core/u_b/u_b_core/core/core/l5/gk.frontend/fifo/g_wide_read.g_read_slice[39].mem_slice_reg_0_3_24_29/RAMC/WE
-0.056	u_top/u_core/u_b/u_b_core/core/core/l5/gk.frontend/fifo/count_reg[2]/C	u_top/u_core/u_b/u_b_core/core/core/l5/gk.frontend/fifo/g_wide_read.g_read_slice[39].mem_slice_reg_0_3_24_29/RAMC_D1/WE
-0.056	u_top/u_core/u_b/u_b_core/core/core/l5/gk.frontend/fifo/count_reg[2]/C	u_top/u_core/u_b/u_b_core/core/core/l5/gk.frontend/fifo/g_wide_read.g_read_slice[39].mem_slice_reg_0_3_24_29/RAMD/WE
-0.056	u_top/u_core/u_b/u_b_core/core/core/l5/gk.frontend/fifo/count_reg[2]/C	u_top/u_core/u_b/u_b_core/core/core/l5/gk.frontend/fifo/g_wide_read.g_read_slice[39].mem_slice_reg_0_3_24_29/RAMD_D1/WE
-0.055	u_top/u_core/u_b/u_b_core/core/core/l5/mac/g_l5_partial_buffer.partial_fifo/count_reg[1]/C	u_top/u_core/u_b/u_b_core/core/core/l5/mac/mac/out_lane[1].mult_lane[36].operand_pipe.weight_q_reg[7]/R
-0.054	u_top/u_core/u_pp/u_bank1/mem_reg_bram_15/CLKBWRCLK	u_top/u_core/u_pp/u_bank1/rd_data_reg[5]/D
-0.051	u_top/u_core/u_b/u_b_core/core/core/l5/mac/g_l5_partial_buffer.partial_fifo/count_reg[1]/C	u_top/u_core/u_b/u_b_core/core/core/l5/mac/issue/out_window_reg[612]/CE
-0.051	u_top/u_core/u_b/u_b_core/core/core/l5/mac/g_l5_partial_buffer.partial_fifo/count_reg[1]/C	u_top/u_core/u_b/u_b_core/core/core/l5/mac/issue/out_window_reg[613]/CE
-0.051	u_top/u_core/u_b/u_b_core/core/core/l5/mac/g_l5_partial_buffer.partial_fifo/count_reg[1]/C	u_top/u_core/u_b/u_b_core/core/core/l5/mac/issue/out_window_reg[614]/CE
-0.051	u_top/u_core/u_b/u_b_core/core/core/l5/mac/g_l5_partial_buffer.partial_fifo/count_reg[1]/C	u_top/u_core/u_b/u_b_core/core/core/l5/mac/issue/out_window_reg[615]/CE
-0.051	u_top/u_core/u_b/u_b_core/core/core/l5/mac/g_l5_partial_buffer.partial_fifo/count_reg[1]/C	u_top/u_core/u_b/u_b_core/core/core/l5/mac/issue/out_window_reg[616]/CE
-0.051	u_top/u_core/u_b/u_b_core/core/core/l5/mac/g_l5_partial_buffer.partial_fifo/count_reg[1]/C	u_top/u_core/u_b/u_b_core/core/core/l5/mac/issue/out_window_reg[617]/CE
-0.050	u_top/u_core/u_in/req_exhausted_q_reg/C	u_top/u_core/u_rom/g_multi_bank.g_bank[10].u_bank/dout_reg_0_5/ENARDEN
-0.047	u_top/u_core/u_b/u_b_core/core/core/l5/mac/g_l5_partial_buffer.partial_fifo/count_reg[1]/C	u_top/u_core/u_b/u_b_core/core/core/l5/mac/issue/out_phase_reg[1]_rep__8_replica_1/D
-0.045	u_top/u_core/u_b/u_b_core/core/core/l5/mac/g_l5_partial_buffer.partial_fifo/count_reg[1]/C	u_top/u_core/u_b/u_b_core/core/core/l5/mac/issue/out_window_reg[4318]/CE
-0.045	u_top/u_core/u_b/u_b_core/core/core/l5/mac/g_l5_partial_buffer.partial_fifo/count_reg[1]/C	u_top/u_core/u_b/u_b_core/core/core/l5/mac/issue/out_window_reg[4319]/CE
-0.045	u_top/u_core/u_b/u_b_core/core/core/l5/mac/g_l5_partial_buffer.partial_fifo/count_reg[1]/C	u_top/u_core/u_b/u_b_core/core/core/l5/mac/issue/out_window_reg[4320]/CE
-0.045	u_top/u_core/u_b/u_b_core/core/core/l5/mac/g_l5_partial_buffer.partial_fifo/count_reg[1]/C	u_top/u_core/u_b/u_b_core/core/core/l5/mac/issue/out_window_reg[4321]/CE
-0.045	u_top/u_core/u_b/u_b_core/core/core/l5/mac/g_l5_partial_buffer.partial_fifo/count_reg[1]/C	u_top/u_core/u_b/u_b_core/core/core/l5/mac/issue/out_window_reg[4322]/CE
-0.045	u_top/u_core/u_b/u_b_core/core/core/l5/mac/g_l5_partial_buffer.partial_fifo/count_reg[1]/C	u_top/u_core/u_b/u_b_core/core/core/l5/mac/issue/out_window_reg[4323]/CE
-0.043	u_top/u_core/u_b/u_b_core/core/core/l5/mac/g_l5_partial_buffer.partial_fifo/count_reg[1]/C	u_top/u_core/u_b/u_b_core/core/core/l5/gk.frontend/fifo/g_wide_read.g_read_slice[64].rd_ptr_local_reg[0]/R
-0.043	u_top/u_core/u_b/u_b_core/core/core/l5/mac/g_l5_partial_buffer.partial_fifo/count_reg[1]/C	u_top/u_core/u_b/u_b_core/core/core/l5/gk.frontend/fifo/g_wide_read.g_read_slice[64].rd_ptr_local_reg[1]/R
-0.042	u_top/u_core/u_b/u_b_core/core/core/l5/mac/g_l5_partial_buffer.partial_fifo/count_reg[1]/C	u_top/u_core/u_b/u_b_core/core/core/l5/gk.frontend/fifo/g_wide_read.g_read_slice[14].rd_ptr_local_reg[0]/R
-0.042	u_top/u_core/u_b/u_b_core/core/core/l5/mac/g_l5_partial_buffer.partial_fifo/count_reg[1]/C	u_top/u_core/u_b/u_b_core/core/core/l5/gk.frontend/fifo/g_wide_read.g_read_slice[14].rd_ptr_local_reg[1]/R
-0.040	u_top/u_core/u_b/u_b_core/core/core/l5/mac/mac/out_lane[0].mult_lane[1].operand_pipe.weight_q_reg[7]/C	u_top/u_core/u_b/u_b_core/core/core/l5/mac/mac/out_lane[0].mult_lane[1].operand_pipe.sums_q_reg[0][0][1]/B[10]
-0.035	u_top/u_core/u_in/req_exhausted_q_reg/C	u_top/u_core/u_rom/g_multi_bank.g_bank[10].u_bank/dout_reg_0_0/ENARDEN
-0.035	u_top/u_core/u_b/u_b_core/core/core/l5/mac/g_l5_partial_buffer.partial_fifo/count_reg[1]/C	u_top/u_core/u_b/u_b_core/core/core/l5/mac/issue/out_window_reg[2852]/CE
-0.035	u_top/u_core/u_b/u_b_core/core/core/l5/mac/g_l5_partial_buffer.partial_fifo/count_reg[1]/C	u_top/u_core/u_b/u_b_core/core/core/l5/mac/issue/out_window_reg[2853]/CE
-0.035	u_top/u_core/u_b/u_b_core/core/core/l5/mac/g_l5_partial_buffer.partial_fifo/count_reg[1]/C	u_top/u_core/u_b/u_b_core/core/core/l5/mac/issue/out_window_reg[2854]/CE
-0.035	u_top/u_core/u_b/u_b_core/core/core/l5/mac/g_l5_partial_buffer.partial_fifo/count_reg[1]/C	u_top/u_core/u_b/u_b_core/core/core/l5/mac/issue/out_window_reg[2855]/CE
-0.035	u_top/u_core/u_b/u_b_core/core/core/l5/mac/g_l5_partial_buffer.partial_fifo/count_reg[1]/C	u_top/u_core/u_b/u_b_core/core/core/l5/mac/issue/out_window_reg[2856]/CE
-0.035	u_top/u_core/u_b/u_b_core/core/core/l5/mac/g_l5_partial_buffer.partial_fifo/count_reg[1]/C	u_top/u_core/u_b/u_b_core/core/core/l5/mac/issue/out_window_reg[2857]/CE
-0.033	u_top/u_core/u_b/u_b_core/core/core/l5/mac/g_l5_partial_buffer.partial_fifo/count_reg[1]/C	u_top/u_core/u_b/u_b_core/core/core/l5/mac/mac/out_lane[2].mult_lane[3].operand_pipe.weight_q_reg[2]/R
-0.032	u_top/u_core/u_b/u_b_core/core/core/l5/mac/g_l5_partial_buffer.partial_fifo/count_reg[1]/C	u_top/u_core/u_b/u_b_core/core/core/l5/mac/mac/out_lane[1].mult_lane[42].operand_pipe.weight_q_reg[1]/S
-0.032	u_top/u_core/u_b/u_b_core/core/core/l5/mac/g_l5_partial_buffer.partial_fifo/count_reg[1]/C	u_top/u_core/u_b/u_b_core/core/core/l5/mac/mac/out_lane[2].mult_lane[0].operand_pipe.weight_q_reg[1]/R
-0.030	u_top/u_core/u_b/u_b_core/core/core/l5/mac/g_l5_partial_buffer.partial_fifo/count_reg[1]/C	u_top/u_core/u_b/u_b_core/core/core/l5/mac/mac/out_lane[0].mult_lane[35].operand_pipe.act_q_reg[14]/CE
-0.030	u_top/u_core/u_b/u_b_core/core/core/l5/mac/g_l5_partial_buffer.partial_fifo/count_reg[1]/C	u_top/u_core/u_b/u_b_core/core/core/l5/mac/mac/out_lane[0].mult_lane[35].operand_pipe.weight_q_reg[1]/CE
-0.027	u_top/u_core/u_b/u_b_core/core/core/l5/mac/g_l5_partial_buffer.partial_fifo/count_reg[1]/C	u_top/u_core/u_b/u_b_core/core/core/l5/gk.frontend/fifo/g_wide_read.g_read_slice[99].rd_ptr_local_reg[0]/R
-0.027	u_top/u_core/u_b/u_b_core/core/core/l5/mac/g_l5_partial_buffer.partial_fifo/count_reg[1]/C	u_top/u_core/u_b/u_b_core/core/core/l5/gk.frontend/fifo/g_wide_read.g_read_slice[99].rd_ptr_local_reg[1]/R
-0.026	u_top/u_core/u_b/u_b_core/core/core/l5/mac/g_l5_partial_buffer.partial_fifo/count_reg[1]/C	u_top/u_core/u_b/u_b_core/core/core/l5/mac/mac/out_lane[0].mult_lane[41].operand_pipe.weight_q_reg[5]/CE
-0.026	u_top/u_core/u_b/u_b_core/core/core/l5/mac/g_l5_partial_buffer.partial_fifo/count_reg[1]/C	u_top/u_core/u_b/u_b_core/core/core/l5/mac/issue/out_window_reg[1612]/CE
-0.026	u_top/u_core/u_b/u_b_core/core/core/l5/mac/g_l5_partial_buffer.partial_fifo/count_reg[1]/C	u_top/u_core/u_b/u_b_core/core/core/l5/mac/issue/out_window_reg[1613]/CE
-0.026	u_top/u_core/u_b/u_b_core/core/core/l5/mac/g_l5_partial_buffer.partial_fifo/count_reg[1]/C	u_top/u_core/u_b/u_b_core/core/core/l5/mac/issue/out_window_reg[1614]/CE
-0.026	u_top/u_core/u_b/u_b_core/core/core/l5/mac/g_l5_partial_buffer.partial_fifo/count_reg[1]/C	u_top/u_core/u_b/u_b_core/core/core/l5/mac/issue/out_window_reg[1615]/CE
-0.026	u_top/u_core/u_b/u_b_core/core/core/l5/mac/g_l5_partial_buffer.partial_fifo/count_reg[1]/C	u_top/u_core/u_b/u_b_core/core/core/l5/mac/issue/out_window_reg[1616]/CE
-0.026	u_top/u_core/u_b/u_b_core/core/core/l5/mac/g_l5_partial_buffer.partial_fifo/count_reg[1]/C	u_top/u_core/u_b/u_b_core/core/core/l5/mac/issue/out_window_reg[1617]/CE
-0.024	u_top/u_core/u_b/u_b_core/core/core/l5/mac/g_l5_partial_buffer.partial_fifo/rd_ptr_reg/C	u_top/u_core/u_b/u_b_core/core/core/l5/mac/acc/sum_stage_reg[3][31]/D
-0.023	u_top/u_core/u_b/u_b_core/core/core/l5/mac/g_l5_partial_buffer.partial_fifo/count_reg[1]/C	u_top/u_core/u_b/u_b_core/core/core/l5/mac/mac/out_lane[0].mult_lane[5].operand_pipe.act_q_reg[4]/CE
-0.023	u_top/u_core/u_b/u_b_core/core/core/l5/mac/g_l5_partial_buffer.partial_fifo/count_reg[1]/C	u_top/u_core/u_b/u_b_core/core/core/l5/mac/mac/out_lane[0].mult_lane[5].operand_pipe.act_q_reg[5]/CE
-0.023	u_top/u_core/u_b/u_b_core/core/core/l5/mac/g_l5_partial_buffer.partial_fifo/count_reg[1]/C	u_top/u_core/u_b/u_b_core/core/core/l5/mac/mac/out_lane[0].mult_lane[5].operand_pipe.act_q_reg[6]/CE
-0.023	u_top/u_core/u_b/u_b_core/core/core/l5/mac/g_l5_partial_buffer.partial_fifo/count_reg[1]/C	u_top/u_core/u_b/u_b_core/core/core/l5/mac/mac/out_lane[0].mult_lane[5].operand_pipe.act_q_reg[7]/CE
-0.023	u_top/u_core/u_b/u_b_core/core/core/l5/mac/g_l5_partial_buffer.partial_fifo/count_reg[1]/C	u_top/u_core/u_b/u_b_core/core/core/l5/mac/mac/out_lane[0].mult_lane[5].operand_pipe.weight_q_reg[4]/CE
-0.023	u_top/u_core/u_b/u_b_core/core/core/l5/mac/g_l5_partial_buffer.partial_fifo/count_reg[1]/C	u_top/u_core/u_b/u_b_core/core/core/l5/mac/mac/out_lane[0].mult_lane[5].operand_pipe.weight_q_reg[5]/CE
-0.023	u_top/u_core/u_b/u_b_core/core/core/l5/mac/g_l5_partial_buffer.partial_fifo/count_reg[1]/C	u_top/u_core/u_b/u_b_core/core/core/l5/mac/mac/out_lane[0].mult_lane[5].operand_pipe.weight_q_reg[6]/CE
-0.023	u_top/u_core/u_b/u_b_core/core/core/l5/mac/g_l5_partial_buffer.partial_fifo/count_reg[1]/C	u_top/u_core/u_b/u_b_core/core/core/l5/mac/mac/out_lane[1].mult_lane[7].operand_pipe.act_q_reg[4]/CE
-0.021	u_top/u_core/u_b/u_b_core/core/core/l5/mac/g_l5_partial_buffer.partial_fifo/count_reg[1]/C	u_top/u_core/u_b/u_b_core/core/core/l5/mac/mac/out_lane[1].mult_lane[4].operand_pipe.weight_q_reg[4]/CE
-0.021	u_top/u_core/u_b/u_b_core/core/core/l5/mac/g_l5_partial_buffer.partial_fifo/count_reg[1]/C	u_top/u_core/u_b/u_b_core/core/core/l5/mac/mac/out_lane[1].mult_lane[4].operand_pipe.weight_q_reg[5]/CE
-0.021	u_top/u_core/u_b/u_b_core/core/core/l5/mac/g_l5_partial_buffer.partial_fifo/count_reg[1]/C	u_top/u_core/u_b/u_b_core/core/core/l5/mac/mac/out_lane[1].mult_lane[4].operand_pipe.weight_q_reg[6]/CE
-0.021	u_top/u_core/u_b/u_b_core/core/core/l5/mac/g_l5_partial_buffer.partial_fifo/count_reg[1]/C	u_top/u_core/u_b/u_b_core/core/core/l5/mac/mac/out_lane[1].mult_lane[4].operand_pipe.weight_q_reg[7]/CE
-0.020	u_top/u_core/u_b/u_b_core/core/core/l5/mac/g_l5_partial_buffer.partial_fifo/count_reg[1]/C	u_top/u_core/u_b/u_b_core/core/core/l5/mac/mac/out_lane[1].mult_lane[48].operand_pipe.act_q_reg[13]/CE
-0.020	u_top/u_core/u_b/u_b_core/core/core/l5/mac/g_l5_partial_buffer.partial_fifo/count_reg[1]/C	u_top/u_core/u_b/u_b_core/core/core/l5/mac/mac/out_lane[1].mult_lane[48].operand_pipe.act_q_reg[5]/CE
-0.020	u_top/u_core/u_b/u_b_core/core/core/l5/mac/g_l5_partial_buffer.partial_fifo/count_reg[1]/C	u_top/u_core/u_b/u_b_core/core/core/l5/mac/mac/out_lane[1].mult_lane[48].operand_pipe.act_q_reg[6]/CE
-0.019	u_top/u_core/u_b/u_b_core/core/core/l5/mac/g_l5_partial_buffer.partial_fifo/count_reg[1]/C	u_top/u_core/u_b/u_b_core/core/core/l5/mac/issue/out_window_reg[3904]/CE
-0.019	u_top/u_core/u_b/u_b_core/core/core/l5/mac/g_l5_partial_buffer.partial_fifo/count_reg[1]/C	u_top/u_core/u_b/u_b_core/core/core/l5/mac/issue/out_window_reg[3905]/CE
-0.019	u_top/u_core/u_b/u_b_core/core/core/l5/mac/g_l5_partial_buffer.partial_fifo/count_reg[1]/C	u_top/u_core/u_b/u_b_core/core/core/l5/mac/issue/out_window_reg[3906]/CE
-0.019	u_top/u_core/u_b/u_b_core/core/core/l5/mac/g_l5_partial_buffer.partial_fifo/count_reg[1]/C	u_top/u_core/u_b/u_b_core/core/core/l5/mac/issue/out_window_reg[3907]/CE
-0.019	u_top/u_core/u_b/u_b_core/core/core/l5/mac/g_l5_partial_buffer.partial_fifo/count_reg[1]/C	u_top/u_core/u_b/u_b_core/core/core/l5/mac/issue/out_window_reg[3908]/CE
-0.019	u_top/u_core/u_b/u_b_core/core/core/l5/mac/g_l5_partial_buffer.partial_fifo/count_reg[1]/C	u_top/u_core/u_b/u_b_core/core/core/l5/mac/issue/out_window_reg[3909]/CE
-0.018	u_top/u_core/u_b/u_b_core/core/core/l5/mac/g_l5_partial_buffer.partial_fifo/count_reg[1]/C	u_top/u_core/u_b/u_b_core/core/core/l5/mac/mac/out_lane[2].mult_lane[45].operand_pipe.weight_q_reg[1]/S
-0.017	u_top/u_core/u_b/u_b_core/core/core/l5/mac/g_l5_partial_buffer.partial_fifo/rd_ptr_reg/C	u_top/u_core/u_b/u_b_core/core/core/l5/mac/acc/sum_stage_reg[3][29]/D
-0.017	u_top/u_core/u_b/u_b_core/core/core/l5/mac/g_l5_partial_buffer.partial_fifo/count_reg[1]/C	u_top/u_core/u_b/u_b_core/core/core/l5/mac/mac/out_lane[2].mult_lane[46].operand_pipe.weight_q_reg[7]/R
-0.014	u_top/u_core/u_b/u_b_core/core/core/l5/mac/g_l5_partial_buffer.partial_fifo/count_reg[1]/C	u_top/u_core/u_b/u_b_core/core/core/l5/gk.frontend/fifo/g_wide_read.g_read_slice[67].rd_ptr_local_reg[0]/R
-0.014	u_top/u_core/u_b/u_b_core/core/core/l5/mac/g_l5_partial_buffer.partial_fifo/count_reg[1]/C	u_top/u_core/u_b/u_b_core/core/core/l5/gk.frontend/fifo/g_wide_read.g_read_slice[67].rd_ptr_local_reg[1]/R
-0.014	u_top/u_core/u_b/u_b_core/core/core/l5/mac/g_l5_partial_buffer.partial_fifo/count_reg[1]/C	u_top/u_core/u_b/u_b_core/core/core/l5/mac/mac/out_lane[1].mult_lane[5].operand_pipe.act_q_reg[10]/CE
-0.014	u_top/u_core/u_b/u_b_core/core/core/l5/mac/g_l5_partial_buffer.partial_fifo/count_reg[1]/C	u_top/u_core/u_b/u_b_core/core/core/l5/mac/mac/out_lane[1].mult_lane[5].operand_pipe.act_q_reg[8]/CE
-0.013	u_top/u_core/u_b/u_b_core/core/core/l5/mac/g_l5_partial_buffer.partial_fifo/count_reg[1]/C	u_top/u_core/u_b/u_b_core/core/core/l5/mac/mac/out_lane[0].mult_lane[34].operand_pipe.weight_q_reg[3]/CE
-0.013	u_top/u_core/u_b/u_b_core/core/core/l5/mac/g_l5_partial_buffer.partial_fifo/count_reg[1]/C	u_top/u_core/u_b/u_b_core/core/core/l5/mac/mac/out_lane[0].mult_lane[35].operand_pipe.act_q_reg[11]/CE
-0.013	u_top/u_core/u_b/u_b_core/core/core/l5/mac/g_l5_partial_buffer.partial_fifo/count_reg[1]/C	u_top/u_core/u_b/u_b_core/core/core/l5/mac/mac/out_lane[0].mult_lane[35].operand_pipe.act_q_reg[15]/CE
-0.013	u_top/u_core/u_b/u_b_core/core/core/l5/mac/g_l5_partial_buffer.partial_fifo/count_reg[1]/C	u_top/u_core/u_b/u_b_core/core/core/l5/mac/mac/out_lane[1].mult_lane[35].operand_pipe.act_q_reg[0]/CE
-0.013	u_top/u_core/u_b/u_b_core/core/core/l5/mac/g_l5_partial_buffer.partial_fifo/count_reg[1]/C	u_top/u_core/u_b/u_b_core/core/core/l5/mac/mac/out_lane[1].mult_lane[35].operand_pipe.act_q_reg[2]/CE
-0.013	u_top/u_core/u_b/u_b_core/core/core/l5/mac/g_l5_partial_buffer.partial_fifo/count_reg[1]/C	u_top/u_core/u_b/u_b_core/core/core/l5/mac/mac/out_lane[1].mult_lane[35].operand_pipe.act_q_reg[3]/CE
-0.013	u_top/u_core/u_b/u_b_core/core/core/l5/mac/g_l5_partial_buffer.partial_fifo/count_reg[1]/C	u_top/u_core/u_b/u_b_core/core/core/l5/mac/mac/out_lane[1].mult_lane[35].operand_pipe.weight_q_reg[1]/CE
-0.013	u_top/u_core/u_b/u_b_core/core/core/l5/mac/g_l5_partial_buffer.partial_fifo/count_reg[1]/C	u_top/u_core/u_b/u_b_core/core/core/l5/mac/mac/out_lane[1].mult_lane[35].operand_pipe.weight_q_reg[2]/CE
-0.011	u_top/u_core/u_b/u_b_core/core/core/l5/mac/g_l5_partial_buffer.partial_fifo/count_reg[1]/C	u_top/u_core/u_b/u_b_core/core/core/l5/gk.frontend/fifo/g_wide_read.g_read_slice[52].rd_ptr_local_reg[0]/R
-0.011	u_top/u_core/u_b/u_b_core/core/core/l5/mac/g_l5_partial_buffer.partial_fifo/count_reg[1]/C	u_top/u_core/u_b/u_b_core/core/core/l5/gk.frontend/fifo/g_wide_read.g_read_slice[52].rd_ptr_local_reg[1]/R
-0.011	u_top/u_core/u_rom/g_multi_bank.g_bank[14].u_bank/dout_reg_0_2/CLKARDCLK	u_top/u_core/c2b_data_q_reg[0][2]/D
-0.011	u_top/u_core/u_in/req_exhausted_q_reg/C	u_top/u_core/u_rom/g_multi_bank.g_bank[10].u_bank/dout_reg_0_4/ENARDEN
-0.005	u_top/u_core/u_b/u_b_core/core/core/l5/mac/mac/out_lane[0].mult_lane[1].operand_pipe.weight_q_reg[7]/C	u_top/u_core/u_b/u_b_core/core/core/l5/mac/mac/out_lane[0].mult_lane[1].operand_pipe.sums_q_reg[0][0][1]/B[11]
-0.003	u_top/u_core/u_in/req_exhausted_q_reg/C	u_top/u_core/u_rom/g_multi_bank.g_bank[0].u_bank/dout_reg_0_5/ENARDEN
-0.003	u_top/u_core/u_b/u_b_core/core/core/l5/mac/g_l5_partial_buffer.partial_fifo/count_reg[1]/C	u_top/u_core/u_b/u_b_core/core/core/l5/mac/mac/out_lane[2].mult_lane[5].operand_pipe.weight_q_reg[5]/R
-0.002	u_top/u_core/u_b/u_b_core/core/core/l5/mac/g_l5_partial_buffer.partial_fifo/count_reg[1]/C	u_top/u_core/u_b/u_b_core/core/core/l5/mac/mac/out_lane[1].mult_lane[6].operand_pipe.weight_q_reg[2]/CE
-0.002	u_top/u_core/u_b/u_b_core/core/core/l5/mac/g_l5_partial_buffer.partial_fifo/count_reg[1]/C	u_top/u_core/u_b/u_b_core/core/core/l5/mac/mac/out_lane[1].mult_lane[36].operand_pipe.weight_q_reg[2]/R
-0.002	u_top/u_core/u_b/u_b_core/core/core/l5/mac/g_l5_partial_buffer.partial_fifo/count_reg[1]/C	u_top/u_core/u_b/u_b_core/core/core/l5/mac/mac/out_lane[2].mult_lane[4].operand_pipe.weight_q_reg[1]/S
-0.002	u_top/u_core/u_b/u_b_core/core/core/l5/mac/g_l5_partial_buffer.partial_fifo/count_reg[1]/C	u_top/u_core/u_b/u_b_core/core/core/l5/mac/mac/out_lane[2].mult_lane[5].operand_pipe.weight_q_reg[7]/R
-0.001	u_top/u_core/u_b/u_b_core/core/core/l5/mac/g_l5_partial_buffer.partial_fifo/count_reg[1]/C	u_top/u_core/u_b/u_b_core/core/core/l5/mac/issue/out_window_reg[124]/CE
-0.001	u_top/u_core/u_b/u_b_core/core/core/l5/mac/g_l5_partial_buffer.partial_fifo/count_reg[1]/C	u_top/u_core/u_b/u_b_core/core/core/l5/mac/issue/out_window_reg[125]/CE
-0.001	u_top/u_core/u_b/u_b_core/core/core/l5/mac/g_l5_partial_buffer.partial_fifo/count_reg[1]/C	u_top/u_core/u_b/u_b_core/core/core/l5/mac/issue/out_window_reg[126]/CE
-0.001	u_top/u_core/u_b/u_b_core/core/core/l5/mac/g_l5_partial_buffer.partial_fifo/count_reg[1]/C	u_top/u_core/u_b/u_b_core/core/core/l5/mac/issue/out_window_reg[127]/CE
-0.001	u_top/u_core/u_b/u_b_core/core/core/l5/mac/g_l5_partial_buffer.partial_fifo/count_reg[1]/C	u_top/u_core/u_b/u_b_core/core/core/l5/gk.frontend/fifo/g_wide_read.g_read_slice[84].rd_ptr_local_reg[0]/R
-0.001	u_top/u_core/u_b/u_b_core/core/core/l5/mac/g_l5_partial_buffer.partial_fifo/count_reg[1]/C	u_top/u_core/u_b/u_b_core/core/core/l5/gk.frontend/fifo/g_wide_read.g_read_slice[84].rd_ptr_local_reg[1]/R
